date,day,th_month,year,1st_prize,2digit_up,3digit_up,2digit_buttom,"3digit_front,3digit_bottom",3digit_front,3digit_bottom,thai_zodiac,dow,day2before_prize
2025-04-16,16,เมษายน,2568,266227,27,227,85,['254' '413' '474' '760'],['254' '413'],['474' '760'],Snake,Wednesday,15.0
2025-04-01,1,เมษายน,2568,669687,87,687,36,['635' '760' '180' '666'],['635' '760'],['180' '666'],Snake,Tuesday,16.0
2025-03-16,16,มีนาคม,2568,757563,63,563,32,['595' '927' '309' '457'],['595' '927'],['309' '457'],Snake,Sunday,15.0
2025-03-01,1,มีนาคม,2568,818894,94,894,54,['139' '530' '656' '781'],['139' '530'],['656' '781'],Snake,Saturday,13.0
2025-02-16,16,กุมภาพันธ์,2568,847377,77,377,50,['268' '613' '001' '652'],['268' '613'],['001' '652'],Snake,Sunday,15.0
2025-02-01,1,กุมภาพันธ์,2568,558700,00,700,51,['285' '418' '685' '824'],['285' '418'],['685' '824'],Snake,Saturday,15.0
2025-01-17,17,มกราคม,2568,807779,79,779,23,['699' '961' '448' '477'],['699' '961'],['448' '477'],Snake,Friday,15.0
2025-01-02,2,มกราคม,2568,730209,09,209,51,['065' '446' '297' '376'],['065' '446'],['297' '376'],Snake,Thursday,17.0
2024-12-16,16,ธันวาคม,2567,097863,63,863,21,['290' '742' '339' '881'],['290' '742'],['339' '881'],Dragon,Monday,15.0
2024-12-01,1,ธันวาคม,2567,669843,43,843,61,['559' '626' '098' '654'],['559' '626'],['098' '654'],Dragon,Sunday,15.0
2024-11-16,16,พฤศจิกายน,2567,187221,21,221,38,['036' '923' '547' '980'],['036' '923'],['547' '980'],Dragon,Saturday,15.0
2024-11-01,1,พฤศจิกายน,2567,536044,44,044,32,['174' '225' '063' '231'],['174' '225'],['063' '231'],Dragon,Friday,16.0
2024-10-16,16,ตุลาคม,2567,482962,62,962,00,['561' '648' '493' '919'],['561' '648'],['493' '919'],Dragon,Wednesday,15.0
2024-10-01,1,ตุลาคม,2567,718665,65,665,59,['053' '812' '079' '566'],['053' '812'],['079' '566'],Dragon,Tuesday,15.0
2024-09-16,16,กันยายน,2567,608662,62,662,37,['230' '904' '008' '408'],['230' '904'],['008' '408'],Dragon,Monday,15.0
2024-09-01,1,กันยายน,2567,199606,06,606,94,['173' '220' '094' '388'],['173' '220'],['094' '388'],Dragon,Sunday,16.0
2024-08-16,16,สิงหาคม,2567,095867,67,867,28,['212' '334' '697' '728'],['212' '334'],['697' '728'],Dragon,Friday,15.0
2024-08-01,1,สิงหาคม,2567,407041,41,041,46,['408' '579' '070' '622'],['408' '579'],['070' '622'],Dragon,Thursday,16.0
2024-07-16,16,กรกฎาคม,2567,367336,36,336,21,['011' '331' '421' '618'],['011' '331'],['421' '618'],Dragon,Tuesday,15.0
2024-07-01,1,กรกฎาคม,2567,434503,03,503,89,['839' '975' '647' '778'],['839' '975'],['647' '778'],Dragon,Monday,15.0
2024-06-16,16,มิถุนายน,2567,518504,04,504,31,['016' '428' '426' '447'],['016' '428'],['426' '447'],Dragon,Sunday,15.0
2024-06-01,1,มิถุนายน,2567,530593,93,593,42,['194' '364' '421' '734'],['194' '364'],['421' '734'],Dragon,Saturday,16.0
2024-05-16,16,พฤษภาคม,2567,205690,90,690,60,['747' '885' '070' '137'],['747' '885'],['070' '137'],Dragon,Thursday,14.0
2024-05-02,2,พฤษภาคม,2567,980116,16,116,17,['104' '763' '634' '833'],['104' '763'],['634' '833'],Dragon,Thursday,16.0
2024-04-16,16,เมษายน,2567,943598,98,598,79,['727' '729' '154' '200'],['727' '729'],['154' '200'],Dragon,Tuesday,15.0
2024-04-01,1,เมษายน,2567,803481,81,481,90,['122' '809' '559' '947'],['122' '809'],['559' '947'],Dragon,Monday,16.0
2024-03-16,16,มีนาคม,2567,997626,26,626,78,['509' '571' '329' '794'],['509' '571'],['329' '794'],Dragon,Saturday,15.0
2024-03-01,1,มีนาคม,2567,253603,03,603,79,['900' '975' '382' '703'],['900' '975'],['382' '703'],Dragon,Friday,14.0
2024-02-16,16,กุมภาพันธ์,2567,941395,95,395,43,['056' '330' '375' '587'],['056' '330'],['375' '587'],Dragon,Friday,15.0
2024-02-01,1,กุมภาพันธ์,2567,607063,63,063,09,['454' '943' '544' '591'],['454' '943'],['544' '591'],Dragon,Thursday,15.0
2024-01-17,17,มกราคม,2567,105979,79,979,61,['429' '931' '196' '635'],['429' '931'],['196' '635'],Dragon,Wednesday,18.0
2023-12-30,30,ธันวาคม,2566,625544,44,544,89,['600' '648' '456' '882'],['600' '648'],['456' '882'],Rabbit,Saturday,14.0
2023-12-16,16,ธันวาคม,2566,356757,57,757,85,['058' '410' '584' '964'],['058' '410'],['584' '964'],Rabbit,Saturday,15.0
2023-12-01,1,ธันวาคม,2566,251097,97,097,91,['055' '265' '092' '280'],['055' '265'],['092' '280'],Rabbit,Friday,15.0
2023-11-16,16,พฤศจิกายน,2566,557990,90,990,14,['346' '412' '778' '961'],['346' '412'],['778' '961'],Rabbit,Thursday,15.0
2023-11-01,1,พฤศจิกายน,2566,743951,51,951,63,['335' '913' '019' '349'],['335' '913'],['019' '349'],Rabbit,Wednesday,16.0
2023-10-16,16,ตุลาคม,2566,931446,46,446,44,['167' '398' '272' '970'],['167' '398'],['272' '970'],Rabbit,Monday,15.0
2023-10-01,1,ตุลาคม,2566,727202,02,202,66,['324' '355' '426' '615'],['324' '355'],['426' '615'],Rabbit,Sunday,15.0
2023-09-16,16,กันยายน,2566,320812,12,812,46,['037' '699' '057' '344'],['037' '699'],['057' '344'],Rabbit,Saturday,15.0
2023-09-01,1,กันยายน,2566,915478,78,478,91,['521' '596' '291' '692'],['521' '596'],['291' '692'],Rabbit,Friday,16.0
2023-08-16,16,สิงหาคม,2566,471782,82,782,67,['431' '739' '737' '742'],['431' '739'],['737' '742'],Rabbit,Wednesday,16.0
2023-07-31,31,กรกฎาคม,2566,260453,53,453,11,['268' '708' '387' '601'],['268' '708'],['387' '601'],Rabbit,Monday,15.0
2023-07-16,16,กรกฎาคม,2566,169530,30,530,62,['261' '384' '066' '780'],['261' '384'],['066' '780'],Rabbit,Sunday,15.0
2023-07-01,1,กรกฎาคม,2566,922605,05,605,16,['281' '867' '491' '947'],['281' '867'],['491' '947'],Rabbit,Saturday,15.0
2023-06-16,16,มิถุนายน,2566,264872,72,872,30,['519' '628' '202' '874'],['519' '628'],['202' '874'],Rabbit,Friday,15.0
2023-06-01,1,มิถุนายน,2566,125272,72,272,09,['000' '681' '386' '971'],['000' '681'],['386' '971'],Rabbit,Thursday,16.0
2023-05-16,16,พฤษภาคม,2566,132903,03,903,99,['678' '739' '693' '731'],['678' '739'],['693' '731'],Rabbit,Tuesday,14.0
2023-05-02,2,พฤษภาคม,2566,843019,19,019,65,['500' '780' '187' '269'],['500' '780'],['187' '269'],Rabbit,Tuesday,16.0
2023-04-16,16,เมษายน,2566,984906,06,906,71,['670' '678' '551' '797'],['670' '678'],['551' '797'],Rabbit,Sunday,15.0
2023-04-01,1,เมษายน,2566,087907,07,907,99,['111' '914' '290' '698'],['111' '914'],['290' '698'],Rabbit,Saturday,16.0
2023-03-16,16,มีนาคม,2566,025873,73,873,73,['420' '800' '355' '544'],['420' '800'],['355' '544'],Rabbit,Thursday,15.0
2023-03-01,1,มีนาคม,2566,417652,52,652,55,['577' '919' '748' '984'],['577' '919'],['748' '984'],Rabbit,Wednesday,13.0
2023-02-16,16,กุมภาพันธ์,2566,590417,17,417,80,['195' '664' '377' '523'],['195' '664'],['377' '523'],Rabbit,Thursday,15.0
2023-02-01,1,กุมภาพันธ์,2566,297411,11,411,92,['181' '789' '101' '664'],['181' '789'],['101' '664'],Rabbit,Wednesday,15.0
2023-01-17,17,มกราคม,2566,812519,19,519,47,['389' '443' '564' '849'],['389' '443'],['564' '849'],Rabbit,Tuesday,18.0
2022-12-30,30,ธันวาคม,2565,157196,96,196,58,['007' '522' '250' '425'],['007' '522'],['250' '425'],Tiger,Friday,14.0
2022-12-16,16,ธันวาคม,2565,845093,93,093,14,['411' '912' '593' '855'],['411' '912'],['593' '855'],Tiger,Friday,15.0
2022-12-01,1,ธันวาคม,2565,375805,05,805,08,['170' '786' '409' '421'],['170' '786'],['409' '421'],Tiger,Thursday,15.0
2022-11-16,16,พฤศจิกายน,2565,121789,89,789,64,['532' '722' '157' '973'],['532' '722'],['157' '973'],Tiger,Wednesday,15.0
2022-11-01,1,พฤศจิกายน,2565,913106,06,106,70,['722' '839' '343' '922'],['722' '839'],['343' '922'],Tiger,Tuesday,16.0
2022-10-16,16,ตุลาคม,2565,613106,06,106,15,['037' '158' '606' '799'],['037' '158'],['606' '799'],Tiger,Sunday,15.0
2022-10-01,1,ตุลาคม,2565,484669,69,669,50,['206' '996' '194' '278'],['206' '996'],['194' '278'],Tiger,Saturday,15.0
2022-09-16,16,กันยายน,2565,943703,03,703,75,['540' '971' '432' '631'],['540' '971'],['432' '631'],Tiger,Friday,15.0
2022-09-01,1,กันยายน,2565,929332,32,332,83,['298' '725' '210' '604'],['298' '725'],['210' '604'],Tiger,Thursday,16.0
2022-08-16,16,สิงหาคม,2565,331583,83,583,42,['271' '300' '284' '876'],['271' '300'],['284' '876'],Tiger,Tuesday,15.0
2022-08-01,1,สิงหาคม,2565,436594,94,594,14,['266' '893' '282' '447'],['266' '893'],['282' '447'],Tiger,Monday,16.0
2022-07-16,16,กรกฎาคม,2565,620405,05,405,53,['159' '834' '061' '279'],['159' '834'],['061' '279'],Tiger,Saturday,15.0
2022-07-01,1,กรกฎาคม,2565,981417,17,417,61,['242' '287' '002' '542'],['242' '287'],['002' '542'],Tiger,Friday,15.0
2022-06-16,16,มิถุนายน,2565,361807,07,807,92,['285' '549' '106' '228'],['285' '549'],['106' '228'],Tiger,Thursday,15.0
2022-06-01,1,มิถุนายน,2565,319196,96,196,02,['679' '817' '213' '652'],['679' '817'],['213' '652'],Tiger,Wednesday,16.0
2022-05-16,16,พฤษภาคม,2565,155012,12,012,06,['247' '736' '236' '540'],['247' '736'],['236' '540'],Tiger,Monday,14.0
2022-05-02,2,พฤษภาคม,2565,658642,42,642,09,['518' '778' '041' '325'],['518' '778'],['041' '325'],Tiger,Monday,16.0
2022-04-16,16,เมษายน,2565,395919,19,919,58,['289' '859' '413' '508'],['289' '859'],['413' '508'],Tiger,Saturday,15.0
2022-04-01,1,เมษายน,2565,970618,18,618,10,['391' '738' '578' '870'],['391' '738'],['578' '870'],Tiger,Friday,16.0
2022-03-16,16,มีนาคม,2565,737867,67,867,03,['349' '985' '788' '989'],['349' '985'],['788' '989'],Tiger,Wednesday,15.0
2022-03-01,1,มีนาคม,2565,061905,05,905,07,['236' '834' '234' '691'],['236' '834'],['234' '691'],Tiger,Tuesday,12.0
2022-02-17,17,กุมภาพันธ์,2565,098597,97,597,57,['085' '644' '592' '816'],['085' '644'],['592' '816'],Tiger,Thursday,16.0
2022-02-01,1,กุมภาพันธ์,2565,944308,08,308,30,['061' '942' '485' '509'],['061' '942'],['485' '509'],Tiger,Tuesday,15.0
2022-01-17,17,มกราคม,2565,880159,59,159,92,['731' '786' '119' '529'],['731' '786'],['119' '529'],Tiger,Monday,18.0
2021-12-30,30,ธันวาคม,2564,819068,68,068,36,['591' '979' '419' '547'],['591' '979'],['419' '547'],Ox,Thursday,14.0
2021-12-16,16,ธันวาคม,2564,639235,35,235,83,['097' '629' '476' '522'],['097' '629'],['476' '522'],Ox,Thursday,15.0
2021-12-01,1,ธันวาคม,2564,077258,58,258,82,['739' '740' '401' '485'],['739' '740'],['401' '485'],Ox,Wednesday,15.0
2021-11-16,16,พฤศจิกายน,2564,032761,61,761,57,['471' '648' '245' '844'],['471' '648'],['245' '844'],Ox,Tuesday,15.0
2021-11-01,1,พฤศจิกายน,2564,045037,37,037,95,['247' '458' '331' '755'],['247' '458'],['331' '755'],Ox,Monday,16.0
2021-10-16,16,ตุลาคม,2564,386372,72,372,38,['602' '964' '295' '798'],['602' '964'],['295' '798'],Ox,Saturday,15.0
2021-10-01,1,ตุลาคม,2564,578171,71,171,83,['285' '361' '379' '449'],['285' '361'],['379' '449'],Ox,Friday,15.0
2021-09-16,16,กันยายน,2564,070935,35,935,90,['609' '817' '007' '379'],['609' '817'],['007' '379'],Ox,Thursday,15.0
2021-09-01,1,กันยายน,2564,114475,75,475,79,['278' '302' '123' '458'],['278' '302'],['123' '458'],Ox,Wednesday,16.0
2021-08-16,16,สิงหาคม,2564,046750,50,750,23,['421' '666' '160' '355'],['421' '666'],['160' '355'],Ox,Monday,15.0
2021-08-01,1,สิงหาคม,2564,910261,61,261,69,['103' '307' '004' '785'],['103' '307'],['004' '785'],Ox,Sunday,16.0
2021-07-16,16,กรกฎาคม,2564,556725,25,725,70,['058' '174' '233' '927'],['058' '174'],['233' '927'],Ox,Friday,15.0
2021-07-01,1,กรกฎาคม,2564,713517,17,517,29,['073' '794' '414' '511'],['073' '794'],['414' '511'],Ox,Thursday,15.0
2021-06-16,16,มิถุนายน,2564,691861,61,861,17,['007' '054' '447' '668'],['007' '054'],['447' '668'],Ox,Wednesday,15.0
2021-06-01,1,มิถุนายน,2564,292972,72,972,45,['193' '620' '723' '978'],['193' '620'],['723' '978'],Ox,Tuesday,16.0
2021-05-16,16,พฤษภาคม,2564,684579,79,579,14,['615' '843' '276' '970'],['615' '843'],['276' '970'],Ox,Sunday,14.0
2021-05-02,2,พฤษภาคม,2564,501272,72,272,18,['018' '306' '129' '498'],['018' '306'],['129' '498'],Ox,Sunday,16.0
2021-04-16,16,เมษายน,2564,100787,87,787,56,['013' '143' '264' '478'],['013' '143'],['264' '478'],Ox,Friday,15.0
2021-04-01,1,เมษายน,2564,472270,70,270,05,['283' '755' '393' '577'],['283' '755'],['393' '577'],Ox,Thursday,16.0
2021-03-16,16,มีนาคม,2564,890422,22,422,19,['036' '902' '256' '396'],['036' '902'],['256' '396'],Ox,Tuesday,15.0
2021-03-01,1,มีนาคม,2564,835538,38,538,73,['290' '838' '051' '806'],['290' '838'],['051' '806'],Ox,Monday,13.0
2021-02-16,16,กุมภาพันธ์,2564,424603,03,603,39,['318' '861' '057' '817'],['318' '861'],['057' '817'],Ox,Tuesday,15.0
2021-02-01,1,กุมภาพันธ์,2564,912307,07,307,97,['248' '605' '282' '651'],['248' '605'],['282' '651'],Ox,Monday,15.0
2021-01-17,17,มกราคม,2564,384395,95,395,15,['367' '653' '566' '878'],['367' '653'],['566' '878'],Ox,Sunday,18.0
2020-12-30,30,ธันวาคม,2563,803628,28,628,19,['336' '804' '321' '924'],['336' '804'],['321' '924'],Rat,Wednesday,14.0
2020-12-16,16,ธันวาคม,2563,201303,03,303,70,['377' '828' '072' '517'],['377' '828'],['072' '517'],Rat,Wednesday,15.0
2020-12-01,1,ธันวาคม,2563,100994,94,994,84,['093' '776' '834' '984'],['093' '776'],['834' '984'],Rat,Tuesday,15.0
2020-11-16,16,พฤศจิกายน,2563,972661,61,661,46,['368' '741' '208' '255'],['368' '741'],['208' '255'],Rat,Monday,15.0
2020-11-01,1,พฤศจิกายน,2563,506404,04,404,40,['154' '598' '062' '245'],['154' '598'],['062' '245'],Rat,Sunday,16.0
2020-10-16,16,ตุลาคม,2563,286051,51,051,38,['189' '464' '045' '980'],['189' '464'],['045' '980'],Rat,Friday,15.0
2020-10-01,1,ตุลาคม,2563,837893,93,893,59,['594' '757' '110' '595'],['594' '757'],['110' '595'],Rat,Thursday,15.0
2020-09-16,16,กันยายน,2563,244083,83,083,57,['127' '220' '623' '853'],['127' '220'],['623' '853'],Rat,Wednesday,15.0
2020-09-01,1,กันยายน,2563,999997,97,997,98,['636' '725' '342' '957'],['636' '725'],['342' '957'],Rat,Tuesday,16.0
2020-08-16,16,สิงหาคม,2563,945811,11,811,88,['614' '712' '364' '733'],['614' '712'],['364' '733'],Rat,Sunday,15.0
2020-08-01,1,สิงหาคม,2563,569391,91,391,92,['575' '931' '578' '809'],['575' '931'],['578' '809'],Rat,Saturday,16.0
2020-07-16,16,กรกฎาคม,2563,873286,86,286,53,['510' '533' '494' '682'],['510' '533'],['494' '682'],Rat,Thursday,15.0
2020-07-01,1,กรกฎาคม,2563,347258,58,258,83,['095' '362' '094' '307'],['095' '362'],['094' '307'],Rat,Wednesday,15.0
2020-06-16,16,มิถุนายน,2563,516967,67,967,64,['876' '882' '565' '625'],['876' '882'],['565' '625'],Rat,Tuesday,15.0
2020-06-01,1,มิถุนายน,2563,831567,67,567,24,['264' '489' '562' '582'],['264' '489'],['562' '582'],Rat,Monday,61.0
2020-04-01,1,เมษายน,2563,051095,95,095,22,['285' '430' '191' '364'],['285' '430'],['191' '364'],Rat,Wednesday,16.0
2020-03-16,16,มีนาคม,2563,503446,46,446,77,['258' '726' '404' '661'],['258' '726'],['404' '661'],Rat,Monday,15.0
2020-03-01,1,มีนาคม,2563,875938,38,938,98,['294' '328' '597' '780'],['294' '328'],['597' '780'],Rat,Sunday,14.0
2020-02-16,16,กุมภาพันธ์,2563,781403,03,403,94,['515' '952' '030' '918'],['515' '952'],['030' '918'],Rat,Sunday,15.0
2020-02-01,1,กุมภาพันธ์,2563,589227,27,227,06,['259' '552' '375' '927'],['259' '552'],['375' '927'],Rat,Saturday,15.0
2020-01-17,17,มกราคม,2563,491774,74,774,68,['004' '132' '379' '595'],['004' '132'],['379' '595'],Rat,Friday,18.0
2019-12-30,30,ธันวาคม,2562,510541,41,541,81,['116' '382' '140' '250'],['116' '382'],['140' '250'],Pig,Monday,14.0
2019-12-16,16,ธันวาคม,2562,529924,24,924,97,['043' '138' '555' '665'],['043' '138'],['555' '665'],Pig,Monday,15.0
2019-12-01,1,ธันวาคม,2562,453522,22,522,81,['261' '617' '013' '457'],['261' '617'],['013' '457'],Pig,Sunday,15.0
2019-11-16,16,พฤศจิกายน,2562,017223,23,223,32,['164' '640' '085' '194'],['164' '640'],['085' '194'],Pig,Saturday,15.0
2019-11-01,1,พฤศจิกายน,2562,967375,75,375,79,['323' '806' '021' '206'],['323' '806'],['021' '206'],Pig,Friday,16.0
2019-10-16,16,ตุลาคม,2562,812564,64,564,15,['255' '625' '132' '598'],['255' '625'],['132' '598'],Pig,Wednesday,15.0
2019-10-01,1,ตุลาคม,2562,691197,97,197,59,['392' '920' '606' '797'],['392' '920'],['606' '797'],Pig,Tuesday,15.0
2019-09-16,16,กันยายน,2562,340388,88,388,85,['733' '947' '925' '939'],['733' '947'],['925' '939'],Pig,Monday,15.0
2019-09-01,1,กันยายน,2562,798787,87,787,20,['210' '847' '274' '439'],['210' '847'],['274' '439'],Pig,Sunday,16.0
2019-08-16,16,สิงหาคม,2562,775476,76,476,89,['149' '912' '563' '580'],['149' '912'],['563' '580'],Pig,Friday,15.0
2019-08-01,1,สิงหาคม,2562,387006,06,006,58,['135' '983' '562' '795'],['135' '983'],['562' '795'],Pig,Thursday,17.0
2019-07-15,15,กรกฎาคม,2562,369765,65,765,88,['355' '901' '113' '556'],['355' '901'],['113' '556'],Pig,Monday,14.0
2019-07-01,1,กรกฎาคม,2562,943647,47,647,86,['239' '864' '006' '375'],['239' '864'],['006' '375'],Pig,Monday,15.0
2019-06-16,16,มิถุนายน,2562,174055,55,055,29,['625' '884' '127' '800'],['625' '884'],['127' '800'],Pig,Sunday,15.0
2019-06-01,1,มิถุนายน,2562,516461,61,461,46,['589' '713' '215' '560'],['589' '713'],['215' '560'],Pig,Saturday,16.0
2019-05-16,16,พฤษภาคม,2562,962526,26,526,71,['669' '949' '018' '828'],['669' '949'],['018' '828'],Pig,Thursday,14.0
2019-05-02,2,พฤษภาคม,2562,061324,24,324,25,['043' '476' '374' '699'],['043' '476'],['374' '699'],Pig,Thursday,16.0
2019-04-16,16,เมษายน,2562,570331,31,331,23,['512' '930' '966' '968'],['512' '930'],['966' '968'],Pig,Tuesday,15.0
2019-04-01,1,เมษายน,2562,109767,67,767,52,['888' '959' '403' '975'],['888' '959'],['403' '975'],Pig,Monday,16.0
2019-03-16,16,มีนาคม,2562,724628,28,628,64,['148' '883' '154' '877'],['148' '883'],['154' '877'],Pig,Saturday,15.0
2019-03-01,1,มีนาคม,2562,345650,50,650,65,['137' '999' '830' '837'],['137' '999'],['830' '837'],Pig,Friday,13.0
2019-02-16,16,กุมภาพันธ์,2562,074824,24,824,56,['881' '910' '612' '879'],['881' '910'],['612' '879'],Pig,Saturday,15.0
2019-02-01,1,กุมภาพันธ์,2562,967134,34,134,04,['643' '779' '197' '948'],['643' '779'],['197' '948'],Pig,Friday,15.0
2019-01-17,17,มกราคม,2562,197079,79,079,65,['206' '412' '127' '660'],['206' '412'],['127' '660'],Pig,Thursday,18.0
2018-12-30,30,ธันวาคม,2561,735867,67,867,02,['031' '913' '701' '884'],['031' '913'],['701' '884'],Dog,Sunday,14.0
2018-12-16,16,ธันวาคม,2561,356564,64,564,62,['480' '948' '297' '369'],['480' '948'],['297' '369'],Dog,Sunday,15.0
2018-12-01,1,ธันวาคม,2561,021840,40,840,67,['045' '307' '561' '988'],['045' '307'],['561' '988'],Dog,Saturday,15.0
2018-11-16,16,พฤศจิกายน,2561,989903,03,903,16,['471' '930' '140' '876'],['471' '930'],['140' '876'],Dog,Friday,15.0
2018-11-01,1,พฤศจิกายน,2561,149840,40,840,58,['384' '576' '046' '509'],['384' '576'],['046' '509'],Dog,Thursday,16.0
2018-10-16,16,ตุลาคม,2561,200515,15,515,93,['186' '392' '192' '212'],['186' '392'],['192' '212'],Dog,Tuesday,15.0
2018-10-01,1,ตุลาคม,2561,452643,43,643,99,['594' '726' '561' '810'],['594' '726'],['561' '810'],Dog,Monday,15.0
2018-09-16,16,กันยายน,2561,149760,60,760,79,['323' '539' '155' '297'],['323' '539'],['155' '297'],Dog,Sunday,15.0
2018-09-01,1,กันยายน,2561,734510,10,510,26,['464' '512' '097' '202'],['464' '512'],['097' '202'],Dog,Saturday,16.0
2018-08-16,16,สิงหาคม,2561,586117,17,117,10,['340' '670' '591' '815'],['340' '670'],['591' '815'],Dog,Thursday,15.0
2018-08-01,1,สิงหาคม,2561,386602,02,602,78,['832' '903' '549' '726'],['832' '903'],['549' '726'],Dog,Wednesday,16.0
2018-07-16,16,กรกฎาคม,2561,596324,24,324,27,['403' '530' '138' '362'],['403' '530'],['138' '362'],Dog,Monday,15.0
2018-07-01,1,กรกฎาคม,2561,963623,23,623,83,['429' '901' '210' '217'],['429' '901'],['210' '217'],Dog,Sunday,15.0
2018-06-16,16,มิถุนายน,2561,223131,31,131,46,['432' '507' '132' '868'],['432' '507'],['132' '868'],Dog,Saturday,15.0
2018-06-01,1,มิถุนายน,2561,988117,17,117,95,['310' '553' '248' '650'],['310' '553'],['248' '650'],Dog,Friday,16.0
2018-05-16,16,พฤษภาคม,2561,075629,29,629,20,['130' '357' '047' '506'],['130' '357'],['047' '506'],Dog,Wednesday,14.0
2018-05-02,2,พฤษภาคม,2561,248038,38,038,85,['527' '980' '225' '602'],['527' '980'],['225' '602'],Dog,Wednesday,16.0
2018-04-16,16,เมษายน,2561,739229,29,229,60,['273' '654' '076' '526'],['273' '654'],['076' '526'],Dog,Monday,15.0
2018-04-01,1,เมษายน,2561,412073,73,073,85,['131' '787' '638' '924'],['131' '787'],['638' '924'],Dog,Sunday,16.0
2018-03-16,16,มีนาคม,2561,218559,59,559,82,['064' '720' '205' '489'],['064' '720'],['205' '489'],Dog,Friday,14.0
2018-03-02,2,มีนาคม,2561,759415,15,415,29,['318' '870' '589' '723'],['318' '870'],['589' '723'],Dog,Friday,14.0
2018-02-16,16,กุมภาพันธ์,2561,309915,15,915,39,['007' '388' '230' '748'],['007' '388'],['230' '748'],Dog,Friday,15.0
2018-02-01,1,กุมภาพันธ์,2561,026853,53,853,31,['106' '947' '181' '519'],['106' '947'],['181' '519'],Dog,Thursday,15.0
2018-01-17,17,มกราคม,2561,203823,23,823,50,['624' '799' '236' '397'],['624' '799'],['236' '397'],Dog,Wednesday,18.0
2017-12-30,30,ธันวาคม,2560,911234,34,234,98,['373' '495' '504' '953'],['373' '495'],['504' '953'],Rooster,Saturday,14.0
2017-12-16,16,ธันวาคม,2560,955596,96,596,89,['616' '836' '290' '938'],['616' '836'],['290' '938'],Rooster,Saturday,15.0
2017-12-01,1,ธันวาคม,2560,451005,05,005,33,['303' '626' '257' '601'],['303' '626'],['257' '601'],Rooster,Friday,15.0
2017-11-16,16,พฤศจิกายน,2560,292391,91,391,98,['831' '961' '477' '628'],['831' '961'],['477' '628'],Rooster,Thursday,15.0
2017-11-01,1,พฤศจิกายน,2560,533726,26,726,85,['165' '425' '036' '485'],['165' '425'],['036' '485'],Rooster,Wednesday,16.0
2017-10-16,16,ตุลาคม,2560,413494,94,494,86,['180' '971' '128' '287'],['180' '971'],['128' '287'],Rooster,Monday,15.0
2017-10-01,1,ตุลาคม,2560,880714,14,714,52,['611' '726' '462' '952'],['611' '726'],['462' '952'],Rooster,Sunday,15.0
2017-09-16,16,กันยายน,2560,170143,43,143,71,['172' '647' '340' '388'],['172' '647'],['340' '388'],Rooster,Saturday,15.0
2017-09-01,1,กันยายน,2560,143224,24,224,65,['345' '679' '195' '278'],['345' '679'],['195' '278'],Rooster,Friday,16.0
2017-08-16,16,สิงหาคม,2560,715431,31,431,37,['115' '302' '253' '945'],['115' '302'],['253' '945'],Rooster,Wednesday,15.0
2017-08-01,1,สิงหาคม,2560,756519,19,519,36,['061' '386' '787' '989'],['061' '386'],['787' '989'],Rooster,Tuesday,16.0
2017-07-16,16,กรกฎาคม,2560,820327,27,327,87,['584' '835' '390' '823'],['584' '835'],['390' '823'],Rooster,Sunday,15.0
2017-07-01,1,กรกฎาคม,2560,112360,60,360,26,['226' '489' '005' '688'],['226' '489'],['005' '688'],Rooster,Saturday,15.0
2017-06-16,16,มิถุนายน,2560,943142,42,142,47,['626' '878' '373' '740'],['626' '878'],['373' '740'],Rooster,Friday,15.0
2017-06-01,1,มิถุนายน,2560,053630,30,630,61,['121' '218' '581' '881'],['121' '218'],['581' '881'],Rooster,Thursday,16.0
2017-05-16,16,พฤษภาคม,2560,454891,91,891,53,['008' '396' '490' '603'],['008' '396'],['490' '603'],Rooster,Tuesday,14.0
2017-05-02,2,พฤษภาคม,2560,008656,56,656,35,['573' '949' '773' '923'],['573' '949'],['773' '923'],Rooster,Tuesday,16.0
2017-04-16,16,เมษายน,2560,816729,29,729,40,['766' '973' '241' '807'],['766' '973'],['241' '807'],Rooster,Sunday,15.0
2017-04-01,1,เมษายน,2560,392785,85,785,80,['020' '057' '500' '709'],['020' '057'],['500' '709'],Rooster,Saturday,16.0
2017-03-16,16,มีนาคม,2560,273863,63,863,92,['324' '918' '694' '941'],['324' '918'],['694' '941'],Rooster,Thursday,15.0
2017-03-01,1,มีนาคม,2560,978453,53,453,78,['450' '560' '052' '577'],['450' '560'],['052' '577'],Rooster,Wednesday,13.0
2017-02-16,16,กุมภาพันธ์,2560,229116,16,116,14,['128' '464' '375' '953'],['128' '464'],['375' '953'],Rooster,Thursday,15.0
2017-02-01,1,กุมภาพันธ์,2560,054672,72,672,42,['066' '807' '426' '628'],['066' '807'],['426' '628'],Rooster,Wednesday,15.0
2017-01-17,17,มกราคม,2560,145157,57,157,25,['511' '663' '516' '836'],['511' '663'],['516' '836'],Rooster,Tuesday,18.0
2016-12-30,30,ธันวาคม,2559,377712,12,712,46,['304' '890' '477' '769'],['304' '890'],['477' '769'],Monkey,Friday,14.0
2016-12-16,16,ธันวาคม,2559,435286,86,286,35,['366' '596' '199' '716'],['366' '596'],['199' '716'],Monkey,Friday,15.0
2016-12-01,1,ธันวาคม,2559,086069,69,069,77,['513' '873' '148' '450'],['513' '873'],['148' '450'],Monkey,Thursday,15.0
2016-11-16,16,พฤศจิกายน,2559,858383,83,383,44,['040' '682' '558' '570'],['040' '682'],['558' '570'],Monkey,Wednesday,15.0
2016-11-01,1,พฤศจิกายน,2559,785438,38,438,86,['824' '976' '038' '752'],['824' '976'],['038' '752'],Monkey,Tuesday,16.0
2016-10-16,16,ตุลาคม,2559,571947,47,947,98,['692' '885' '032' '587'],['692' '885'],['032' '587'],Monkey,Sunday,15.0
2016-10-01,1,ตุลาคม,2559,887102,02,102,33,['194' '280' '017' '458'],['194' '280'],['017' '458'],Monkey,Saturday,15.0
2016-09-16,16,กันยายน,2559,240650,50,650,42,['493' '583' '043' '160'],['493' '583'],['043' '160'],Monkey,Friday,15.0
2016-09-01,1,กันยายน,2559,638684,84,684,62,['334' '335' '630' '669'],['334' '335'],['630' '669'],Monkey,Thursday,16.0
2016-08-16,16,สิงหาคม,2559,254004,04,004,33,['366' '966' '596' '631'],['366' '966'],['596' '631'],Monkey,Tuesday,15.0
2016-08-01,1,สิงหาคม,2559,272932,32,932,57,['538' '983' '472' '871'],['538' '983'],['472' '871'],Monkey,Monday,16.0
2016-07-16,16,กรกฎาคม,2559,449764,64,764,55,['552' '734' '158' '925'],['552' '734'],['158' '925'],Monkey,Saturday,15.0
2016-07-01,1,กรกฎาคม,2559,082460,60,460,53,['169' '609' '173' '302'],['169' '609'],['173' '302'],Monkey,Friday,15.0
2016-06-16,16,มิถุนายน,2559,073816,16,816,79,['251' '804' '321' '749'],['251' '804'],['321' '749'],Monkey,Thursday,15.0
2016-06-01,1,มิถุนายน,2559,511825,25,825,14,['111' '775' '880' '937'],['111' '775'],['880' '937'],Monkey,Wednesday,16.0
2016-05-16,16,พฤษภาคม,2559,141737,37,737,98,['382' '975' '087' '268'],['382' '975'],['087' '268'],Monkey,Monday,14.0
2016-05-02,2,พฤษภาคม,2559,399459,59,459,02,['238' '403' '046' '671'],['238' '403'],['046' '671'],Monkey,Monday,16.0
2016-04-16,16,เมษายน,2559,221609,09,609,87,['008' '228' '507' '523'],['008' '228'],['507' '523'],Monkey,Saturday,15.0
2016-04-01,1,เมษายน,2559,066720,20,720,92,['390' '546' '285' '852'],['390' '546'],['285' '852'],Monkey,Friday,16.0
2016-03-16,16,มีนาคม,2559,134918,18,918,32,['855' '877' '004' '973'],['855' '877'],['004' '973'],Monkey,Wednesday,15.0
2016-03-01,1,มีนาคม,2559,439686,86,686,06,['426' '530' '155' '743'],['426' '530'],['155' '743'],Monkey,Tuesday,14.0
2016-02-16,16,กุมภาพันธ์,2559,356364,64,364,98,['312' '699' '309' '535'],['312' '699'],['309' '535'],Monkey,Tuesday,15.0
2016-02-01,1,กุมภาพันธ์,2559,927800,00,800,09,['625' '999' '054' '076'],['625' '999'],['054' '076'],Monkey,Monday,15.0
2016-01-17,17,มกราคม,2559,304371,71,371,50,['031' '532' '743' '786'],['031' '532'],['743' '786'],Monkey,Sunday,18.0
2015-12-30,30,ธันวาคม,2558,008217,17,217,02,['246' '264' '596' '895'],['246' '264'],['596' '895'],Goat,Wednesday,13.0
2015-12-17,17,ธันวาคม,2558,930255,55,255,08,['140' '250' '094' '638'],['140' '250'],['094' '638'],Goat,Thursday,16.0
2015-12-01,1,ธันวาคม,2558,915350,50,350,78,['238' '181' '714' '175'],['238' '181'],['714' '175'],Goat,Tuesday,15.0
2015-11-16,16,พฤศจิกายน,2558,795283,83,283,03,['241' '028' '643' '802'],['241' '028'],['643' '802'],Goat,Monday,15.0
2015-11-01,1,พฤศจิกายน,2558,361211,11,211,45,['106' '757' '166' '473'],['106' '757'],['166' '473'],Goat,Sunday,16.0
2015-10-16,16,ตุลาคม,2558,968630,30,630,62,['457' '134' '412' '054'],['457' '134'],['412' '054'],Goat,Friday,15.0
2015-10-01,1,ตุลาคม,2558,594825,25,825,07,['175' '918' '440' '799'],['175' '918'],['440' '799'],Goat,Thursday,15.0
2015-09-16,16,กันยายน,2558,743148,48,148,06,['435' '209' '375' '084'],['435' '209'],['375' '084'],Goat,Wednesday,15.0
2015-09-01,1,กันยายน,2558,021094,94,094,89,['260' '403' '068' '819'],['260' '403'],['068' '819'],Goat,Tuesday,16.0
2015-08-16,16,สิงหาคม,2558,033363,63,363,40,['781' '227' '624' '648'],['781' '227'],['624' '648'],Goat,Sunday,15.0
2015-08-01,1,สิงหาคม,2558,518677,77,677,53,['333' '598' '648' '889'],['333' '598'],['648' '889'],Goat,Saturday,16.0
2015-07-16,16,กรกฎาคม,2558,121507,07,507,49,['761' '461' '830' '294'],['761' '461'],['830' '294'],Goat,Thursday,15.0
2015-07-01,1,กรกฎาคม,2558,759049,49,049,26,['565' '814' '081' '567'],['565' '814'],['081' '567'],Goat,Wednesday,15.0
2015-06-16,16,มิถุนายน,2558,644742,42,742,05,['429' '253' '386' '532'],['429' '253'],['386' '532'],Goat,Tuesday,14.0
2015-06-02,2,มิถุนายน,2558,388881,81,881,65,['314' '700' '876' '969'],['314' '700'],['876' '969'],Goat,Tuesday,17.0
2015-05-16,16,พฤษภาคม,2558,011421,21,421,38,['799' '484' '851' '928'],['799' '484'],['851' '928'],Goat,Saturday,14.0
2015-05-02,2,พฤษภาคม,2558,543466,66,466,30,['818' '163' '366' '195'],['818' '163'],['366' '195'],Goat,Saturday,16.0
2015-04-16,16,เมษายน,2558,506260,60,260,38,['101' '164' '495' '973'],['101' '164'],['495' '973'],Goat,Thursday,15.0
2015-04-01,1,เมษายน,2558,605704,04,704,70,['558' '962' '557' '861'],['558' '962'],['557' '861'],Goat,Wednesday,16.0
2015-03-16,16,มีนาคม,2558,048151,51,151,92,['339' '622' '623' '757'],['339' '622'],['623' '757'],Goat,Monday,15.0
2015-03-01,1,มีนาคม,2558,240237,37,237,34,['498' '031' '857' '008'],['498' '031'],['857' '008'],Goat,Sunday,13.0
2015-02-16,16,กุมภาพันธ์,2558,001864,64,864,90,['843' '103' '825' '392'],['843' '103'],['825' '392'],Goat,Monday,15.0
2015-02-01,1,กุมภาพันธ์,2558,155537,37,537,79,['083' '286' '813' '008'],['083' '286'],['813' '008'],Goat,Sunday,16.0
2015-01-16,16,มกราคม,2558,244351,51,351,74,['068' '398' '595' '877'],['068' '398'],['595' '877'],Goat,Friday,17.0
2014-12-30,30,ธันวาคม,2557,461704,04,704,57,['853' '982' '535' '950'],['853' '982'],['535' '950'],Horse,Tuesday,14.0
2014-12-16,16,ธันวาคม,2557,948354,54,354,90,['080' '763' '775' '901'],['080' '763'],['775' '901'],Horse,Tuesday,15.0
2014-12-01,1,ธันวาคม,2557,480449,49,449,11,['820' '380' '580' '161'],['820' '380'],['580' '161'],Horse,Monday,15.0
2014-11-16,16,พฤศจิกายน,2557,479804,04,804,25,['179' '422' '480' '709'],['179' '422'],['480' '709'],Horse,Sunday,15.0
2014-11-01,1,พฤศจิกายน,2557,206608,08,608,44,['607' '203' '855' '979'],['607' '203'],['855' '979'],Horse,Saturday,16.0
2014-10-16,16,ตุลาคม,2557,656409,09,409,94,['647' '784' '848' '910'],['647' '784'],['848' '910'],Horse,Thursday,15.0
2014-10-01,1,ตุลาคม,2557,375615,15,615,44,['251' '086' '159' '520'],['251' '086'],['159' '520'],Horse,Wednesday,15.0
2014-09-16,16,กันยายน,2557,772269,69,269,35,['112' '257' '342' '790'],['112' '257'],['342' '790'],Horse,Tuesday,15.0
2014-09-01,1,กันยายน,2557,856763,63,763,22,['308' '912' '477' '490'],['308' '912'],['477' '490'],Horse,Monday,16.0
2014-08-16,16,สิงหาคม,2557,662842,42,842,91,['639' '912' '187' '633'],['639' '912'],['187' '633'],Horse,Saturday,15.0
2014-08-01,1,สิงหาคม,2557,766391,91,391,82,['349' '576' '623' '637'],['349' '576'],['623' '637'],Horse,Friday,16.0
2014-07-16,16,กรกฎาคม,2557,468728,28,728,45,['104' '944' '117' '205'],['104' '944'],['117' '205'],Horse,Wednesday,15.0
2014-07-01,1,กรกฎาคม,2557,378477,77,477,39,['123' '271' '441' '864'],['123' '271'],['441' '864'],Horse,Tuesday,15.0
2014-06-16,16,มิถุนายน,2557,673920,20,920,95,['158' '140' '639' '576'],['158' '140'],['639' '576'],Horse,Monday,15.0
2014-06-01,1,มิถุนายน,2557,781198,98,198,18,['160' '324' '409' '636'],['160' '324'],['409' '636'],Horse,Sunday,16.0
2014-05-16,16,พฤษภาคม,2557,087523,23,523,20,['150' '505' '112' '246'],['150' '505'],['112' '246'],Horse,Friday,14.0
2014-05-02,2,พฤษภาคม,2557,103297,97,297,52,['143' '158' '673' '797'],['143' '158'],['673' '797'],Horse,Friday,16.0
2014-04-16,16,เมษายน,2557,153406,06,406,26,['344' '013' '355' '634'],['344' '013'],['355' '634'],Horse,Wednesday,15.0
2014-04-01,1,เมษายน,2557,028866,66,866,95,['186' '499' '835' '938'],['186' '499'],['835' '938'],Horse,Tuesday,16.0
2014-03-16,16,มีนาคม,2557,531404,04,404,79,['250' '305' '400' '904'],['250' '305'],['400' '904'],Horse,Sunday,15.0
2014-03-01,1,มีนาคม,2557,906318,18,318,35,['116' '537' '753' '798'],['116' '537'],['753' '798'],Horse,Saturday,13.0
2014-02-16,16,กุมภาพันธ์,2557,384245,45,245,01,['397' '530' '074' '521'],['397' '530'],['074' '521'],Horse,Sunday,15.0
2014-02-01,1,กุมภาพันธ์,2557,180149,49,149,95,['406' '492' '888' '976'],['406' '492'],['888' '976'],Horse,Saturday,16.0
2014-01-16,16,มกราคม,2557,306902,02,902,52,['242' '077' '149' '510'],['242' '077'],['149' '510'],Horse,Thursday,17.0
2013-12-30,30,ธันวาคม,2556,561072,72,072,48,['513' '750' '503' '275'],['513' '750'],['503' '275'],Snake,Monday,14.0
2013-12-16,16,ธันวาคม,2556,341767,67,767,79,['111' '228' '742' '826'],['111' '228'],['742' '826'],Snake,Monday,15.0
2013-12-01,1,ธันวาคม,2556,168795,95,795,27,['734' '766' '074' '980'],['734' '766'],['074' '980'],Snake,Sunday,15.0
2013-11-16,16,พฤศจิกายน,2556,806925,25,925,28,['069' '304' '672' '753'],['069' '304'],['672' '753'],Snake,Saturday,15.0
2013-11-01,1,พฤศจิกายน,2556,739804,04,804,47,['502' '020' '256' '173'],['502' '020'],['256' '173'],Snake,Friday,16.0
2013-10-16,16,ตุลาคม,2556,963289,89,289,60,['402' '529' '876' '952'],['402' '529'],['876' '952'],Snake,Wednesday,15.0
2013-10-01,1,ตุลาคม,2556,647882,82,882,14,['576' '324' '650' '028'],['576' '324'],['650' '028'],Snake,Tuesday,15.0
2013-09-16,16,กันยายน,2556,562684,84,684,63,['056' '235' '574' '754'],['056' '235'],['574' '754'],Snake,Monday,15.0
2013-09-01,1,กันยายน,2556,548123,23,123,05,['281' '570' '800' '045'],['281' '570'],['800' '045'],Snake,Sunday,16.0
2013-08-16,16,สิงหาคม,2556,321327,27,327,20,['417' '945' '448' '201'],['417' '945'],['448' '201'],Snake,Friday,15.0
2013-08-01,1,สิงหาคม,2556,356435,35,435,82,['880' '451' '718' '329'],['880' '451'],['718' '329'],Snake,Thursday,16.0
2013-07-16,16,กรกฎาคม,2556,566996,96,996,86,['352' '210' '584' '526'],['352' '210'],['584' '526'],Snake,Tuesday,15.0
2013-07-01,1,กรกฎาคม,2556,646905,05,905,51,['075' '284' '903' '904'],['075' '284'],['903' '904'],Snake,Monday,15.0
2013-06-16,16,มิถุนายน,2556,289673,73,673,69,['390' '098' '114' '502'],['390' '098'],['114' '502'],Snake,Sunday,15.0
2013-06-01,1,มิถุนายน,2556,935489,89,489,90,['480' '713' '716' '768'],['480' '713'],['716' '768'],Snake,Saturday,16.0
2013-05-16,16,พฤษภาคม,2556,687125,25,125,56,['034' '261' '390' '945'],['034' '261'],['390' '945'],Snake,Thursday,14.0
2013-05-02,2,พฤษภาคม,2556,603458,58,458,07,['272' '359' '516' '830'],['272' '359'],['516' '830'],Snake,Thursday,16.0
2013-04-16,16,เมษายน,2556,843846,46,846,86,['834' '862' '906' '828'],['834' '862'],['906' '828'],Snake,Tuesday,15.0
2013-04-01,1,เมษายน,2556,571688,88,688,53,['170' '430' '670' '725'],['170' '430'],['670' '725'],Snake,Monday,16.0
2013-03-16,16,มีนาคม,2556,968433,33,433,52,['860' '959' '175' '529'],['860' '959'],['175' '529'],Snake,Saturday,15.0
2013-03-01,1,มีนาคม,2556,976241,41,241,37,['972' '721' '133' '775'],['972' '721'],['133' '775'],Snake,Friday,13.0
2013-02-16,16,กุมภาพันธ์,2556,368257,57,257,09,['657' '708' '109' '386'],['657' '708'],['109' '386'],Snake,Saturday,15.0
2013-02-01,1,กุมภาพันธ์,2556,565566,66,566,66,['452' '695' '641' '782'],['452' '695'],['641' '782'],Snake,Friday,16.0
2013-01-16,16,มกราคม,2556,820981,81,981,08,['555' '196' '374' '334'],['555' '196'],['374' '334'],Snake,Wednesday,17.0
2012-12-30,30,ธันวาคม,2555,302358,58,358,00,['589' '864' '126' '832'],['589' '864'],['126' '832'],Dragon,Sunday,14.0
2012-12-16,16,ธันวาคม,2555,529524,24,524,72,['734' '745' '778' '008'],['734' '745'],['778' '008'],Dragon,Sunday,15.0
2012-12-01,1,ธันวาคม,2555,110443,43,443,43,['434' '553' '489' '303'],['434' '553'],['489' '303'],Dragon,Saturday,15.0
2012-11-16,16,พฤศจิกายน,2555,639500,00,500,15,['576' '560' '804' '627'],['576' '560'],['804' '627'],Dragon,Friday,15.0
2012-11-01,1,พฤศจิกายน,2555,524694,94,694,63,['217' '188' '285' '338'],['217' '188'],['285' '338'],Dragon,Thursday,16.0
2012-10-16,16,ตุลาคม,2555,281343,43,343,28,['152' '089' '396' '868'],['152' '089'],['396' '868'],Dragon,Tuesday,15.0
2012-10-01,1,ตุลาคม,2555,124025,25,025,58,['940' '554' '291' '873'],['940' '554'],['291' '873'],Dragon,Monday,15.0
2012-09-16,16,กันยายน,2555,540143,43,143,79,['242' '752' '123' '770'],['242' '752'],['123' '770'],Dragon,Sunday,15.0
2012-09-01,1,กันยายน,2555,329997,97,997,07,['736' '598' '148' '639'],['736' '598'],['148' '639'],Dragon,Saturday,16.0
2012-08-16,16,สิงหาคม,2555,683877,77,877,28,['032' '612' '775' '730'],['032' '612'],['775' '730'],Dragon,Thursday,15.0
2012-08-01,1,สิงหาคม,2555,895590,90,590,50,['820' '599' '796' '745'],['820' '599'],['796' '745'],Dragon,Wednesday,16.0
2012-07-16,16,กรกฎาคม,2555,904050,50,050,11,['897' '224' '159' '042'],['897' '224'],['159' '042'],Dragon,Monday,15.0
2012-07-01,1,กรกฎาคม,2555,915900,00,900,60,['715' '656' '530' '611'],['715' '656'],['530' '611'],Dragon,Sunday,15.0
2012-06-16,16,มิถุนายน,2555,159373,73,373,51,['238' '790' '479' '547'],['238' '790'],['479' '547'],Dragon,Saturday,15.0
2012-06-01,1,มิถุนายน,2555,882727,27,727,38,['606' '576' '895' '399'],['606' '576'],['895' '399'],Dragon,Friday,16.0
2012-05-16,16,พฤษภาคม,2555,814418,18,418,31,['504' '309' '902' '101'],['504' '309'],['902' '101'],Dragon,Wednesday,14.0
2012-05-02,2,พฤษภาคม,2555,889501,01,501,29,['589' '597' '426' '468'],['589' '597'],['426' '468'],Dragon,Wednesday,16.0
2012-04-16,16,เมษายน,2555,583470,70,470,62,['216' '088' '722' '754'],['216' '088'],['722' '754'],Dragon,Monday,15.0
2012-04-01,1,เมษายน,2555,257562,62,562,69,['581' '074' '616' '332'],['581' '074'],['616' '332'],Dragon,Sunday,16.0
2012-03-16,16,มีนาคม,2555,607064,64,064,08,['606' '333' '573' '350'],['606' '333'],['573' '350'],Dragon,Friday,15.0
2012-03-01,1,มีนาคม,2555,222518,18,518,79,['295' '135' '711' '199'],['295' '135'],['711' '199'],Dragon,Thursday,14.0
2012-02-16,16,กุมภาพันธ์,2555,648684,84,684,18,['906' '214' '111' '420'],['906' '214'],['111' '420'],Dragon,Thursday,15.0
2012-02-01,1,กุมภาพันธ์,2555,320605,05,605,32,['749' '426' '498' '598'],['749' '426'],['498' '598'],Dragon,Wednesday,16.0
2012-01-16,16,มกราคม,2555,451445,45,445,81,['328' '150' '941' '639'],['328' '150'],['941' '639'],Dragon,Monday,17.0
2011-12-30,30,ธันวาคม,2554,526402,02,402,65,['168' '026' '541' '597'],['168' '026'],['541' '597'],Rabbit,Friday,14.0
2011-12-16,16,ธันวาคม,2554,884178,78,178,21,['784' '235' '651' '295'],['784' '235'],['651' '295'],Rabbit,Friday,15.0
2011-12-01,1,ธันวาคม,2554,408147,47,147,02,['922' '253' '857' '739'],['922' '253'],['857' '739'],Rabbit,Thursday,15.0
2011-11-16,16,พฤศจิกายน,2554,997777,77,777,57,['425' '551' '406' '993'],['425' '551'],['406' '993'],Rabbit,Wednesday,15.0
2011-11-01,1,พฤศจิกายน,2554,805540,40,540,54,['771' '380' '065' '221'],['771' '380'],['065' '221'],Rabbit,Tuesday,16.0
2011-10-16,16,ตุลาคม,2554,955756,56,756,83,['991' '057' '329' '507'],['991' '057'],['329' '507'],Rabbit,Sunday,15.0
2011-10-01,1,ตุลาคม,2554,511052,52,052,15,['957' '104' '189' '499'],['957' '104'],['189' '499'],Rabbit,Saturday,15.0
2011-09-16,16,กันยายน,2554,731198,98,198,28,['384' '645' '812' '589'],['384' '645'],['812' '589'],Rabbit,Friday,15.0
2011-09-01,1,กันยายน,2554,724533,33,533,85,['847' '021' '533' '821'],['847' '021'],['533' '821'],Rabbit,Thursday,16.0
2011-08-16,16,สิงหาคม,2554,536960,60,960,62,['814' '345' '074' '005'],['814' '345'],['074' '005'],Rabbit,Tuesday,15.0
2011-08-01,1,สิงหาคม,2554,218756,56,756,12,['703' '583' '660' '221'],['703' '583'],['660' '221'],Rabbit,Monday,16.0
2011-07-16,16,กรกฎาคม,2554,116556,56,556,12,['227' '052' '534' '609'],['227' '052'],['534' '609'],Rabbit,Saturday,15.0
2011-07-01,1,กรกฎาคม,2554,622953,53,953,51,['390' '160' '780' '463'],['390' '160'],['780' '463'],Rabbit,Friday,15.0
2011-06-16,16,มิถุนายน,2554,351276,76,276,88,['486' '167' '162' '582'],['486' '167'],['162' '582'],Rabbit,Thursday,15.0
2011-06-01,1,มิถุนายน,2554,562370,70,370,46,['656' '346' '801' '556'],['656' '346'],['801' '556'],Rabbit,Wednesday,16.0
2011-05-16,16,พฤษภาคม,2554,406417,17,417,05,['700' '044' '071' '889'],['700' '044'],['071' '889'],Rabbit,Monday,14.0
2011-05-02,2,พฤษภาคม,2554,054136,36,136,85,['421' '945' '133' '524'],['421' '945'],['133' '524'],Rabbit,Monday,16.0
2011-04-16,16,เมษายน,2554,825988,88,988,44,['263' '213' '397' '593'],['263' '213'],['397' '593'],Rabbit,Saturday,15.0
2011-04-01,1,เมษายน,2554,814931,31,931,01,['723' '584' '040' '036'],['723' '584'],['040' '036'],Rabbit,Friday,16.0
2011-03-16,16,มีนาคม,2554,593331,31,331,96,['209' '945' '463' '737'],['209' '945'],['463' '737'],Rabbit,Wednesday,15.0
2011-03-01,1,มีนาคม,2554,656037,37,037,97,['544' '357' '926' '396'],['544' '357'],['926' '396'],Rabbit,Tuesday,13.0
2011-02-16,16,กุมภาพันธ์,2554,481746,46,746,27,['535' '510' '384' '388'],['535' '510'],['384' '388'],Rabbit,Wednesday,15.0
2011-02-01,1,กุมภาพันธ์,2554,610089,89,089,55,['596' '361' '121' '432'],['596' '361'],['121' '432'],Rabbit,Tuesday,16.0
2011-01-16,16,มกราคม,2554,281062,62,062,23,['227' '185' '758' '546'],['227' '185'],['758' '546'],Rabbit,Sunday,17.0
2010-12-30,30,ธันวาคม,2553,884112,12,112,49,['936' '153' '186' '933'],['936' '153'],['186' '933'],Tiger,Thursday,14.0
2010-12-16,16,ธันวาคม,2553,334380,80,380,24,['529' '315' '533' '306'],['529' '315'],['533' '306'],Tiger,Thursday,15.0
2010-12-01,1,ธันวาคม,2553,181752,52,752,09,['664' '470' '474' '086'],['664' '470'],['474' '086'],Tiger,Wednesday,15.0
2010-11-16,16,พฤศจิกายน,2553,813993,93,993,43,['763' '979' '907' '129'],['763' '979'],['907' '129'],Tiger,Tuesday,15.0
2010-11-01,1,พฤศจิกายน,2553,191100,00,100,59,['653' '968' '801' '739'],['653' '968'],['801' '739'],Tiger,Monday,16.0
2010-10-16,16,ตุลาคม,2553,621377,77,377,42,['310' '518' '385' '872'],['310' '518'],['385' '872'],Tiger,Saturday,15.0
2010-10-01,1,ตุลาคม,2553,488372,72,372,02,['091' '996' '003' '246'],['091' '996'],['003' '246'],Tiger,Friday,15.0
2010-09-16,16,กันยายน,2553,017422,22,422,66,['103' '316' '431' '075'],['103' '316'],['431' '075'],Tiger,Thursday,15.0
2010-09-01,1,กันยายน,2553,354656,56,656,11,['784' '570' '656' '096'],['784' '570'],['656' '096'],Tiger,Wednesday,16.0
2010-08-16,16,สิงหาคม,2553,911097,97,097,64,['986' '578' '448' '689'],['986' '578'],['448' '689'],Tiger,Monday,15.0
2010-08-01,1,สิงหาคม,2553,210008,08,008,10,['769' '182' '727' '191'],['769' '182'],['727' '191'],Tiger,Sunday,16.0
2010-07-16,16,กรกฎาคม,2553,180387,87,387,34,['309' '219' '572' '024'],['309' '219'],['572' '024'],Tiger,Friday,15.0
2010-07-01,1,กรกฎาคม,2553,480239,39,239,68,['893' '450' '918' '961'],['893' '450'],['918' '961'],Tiger,Thursday,15.0
2010-06-16,16,มิถุนายน,2553,500104,04,104,73,['200' '628' '681' '816'],['200' '628'],['681' '816'],Tiger,Wednesday,15.0
2010-06-01,1,มิถุนายน,2553,444874,74,874,81,['374' '298' '996' '673'],['374' '298'],['996' '673'],Tiger,Tuesday,16.0
2010-05-16,16,พฤษภาคม,2553,480012,12,012,12,['293' '151' '770' '008'],['293' '151'],['770' '008'],Tiger,Sunday,14.0
2010-05-02,2,พฤษภาคม,2553,360371,71,371,06,['382' '040' '517' '618'],['382' '040'],['517' '618'],Tiger,Sunday,16.0
2010-04-16,16,เมษายน,2553,211743,43,743,96,['811' '744' '154' '285'],['811' '744'],['154' '285'],Tiger,Friday,15.0
2010-04-01,1,เมษายน,2553,959517,17,517,22,['174' '663' '447' '040'],['174' '663'],['447' '040'],Tiger,Thursday,16.0
2010-03-16,16,มีนาคม,2553,364222,22,222,97,['619' '996' '229' '756'],['619' '996'],['229' '756'],Tiger,Tuesday,15.0
2010-03-01,1,มีนาคม,2553,215227,27,227,97,['457' '627' '374' '470'],['457' '627'],['374' '470'],Tiger,Monday,13.0
2010-02-16,16,กุมภาพันธ์,2553,133707,07,707,03,['137' '026' '362' '985'],['137' '026'],['362' '985'],Tiger,Tuesday,15.0
2010-02-01,1,กุมภาพันธ์,2553,186312,12,312,14,['936' '577' '694' '403'],['936' '577'],['694' '403'],Tiger,Monday,16.0
2010-01-16,16,มกราคม,2553,073577,77,577,67,['413' '459' '781' '646'],['413' '459'],['781' '646'],Tiger,Saturday,17.0
2009-12-30,30,ธันวาคม,2552,994304,04,304,87,['993' '337' '419' '598'],['993' '337'],['419' '598'],Ox,Wednesday,14.0
2009-12-16,16,ธันวาคม,2552,685141,41,141,05,['694' '775' '524' '142'],['694' '775'],['524' '142'],Ox,Wednesday,15.0
2009-12-01,1,ธันวาคม,2552,776980,80,980,59,['937' '188' '412' '252'],['937' '188'],['412' '252'],Ox,Tuesday,15.0
2009-11-16,16,พฤศจิกายน,2552,055986,86,986,58,['299' '952' '072' '536'],['299' '952'],['072' '536'],Ox,Monday,15.0
2009-11-01,1,พฤศจิกายน,2552,689140,40,140,85,['366' '923' '642' '465'],['366' '923'],['642' '465'],Ox,Sunday,16.0
2009-10-16,16,ตุลาคม,2552,258487,87,487,00,['174' '135' '226' '122'],['174' '135'],['226' '122'],Ox,Friday,15.0
2009-10-01,1,ตุลาคม,2552,169387,87,387,06,['249' '435' '714' '255'],['249' '435'],['714' '255'],Ox,Thursday,15.0
2009-09-16,16,กันยายน,2552,202912,12,912,48,['200' '353' '539' '166'],['200' '353'],['539' '166'],Ox,Wednesday,15.0
2009-09-01,1,กันยายน,2552,015865,65,865,32,['435' '447' '446' '924'],['435' '447'],['446' '924'],Ox,Tuesday,16.0
2009-08-16,16,สิงหาคม,2552,462933,33,933,96,['843' '292' '577' '658'],['843' '292'],['577' '658'],Ox,Sunday,15.0
2009-08-01,1,สิงหาคม,2552,154986,86,986,92,['688' '239' '421' '374'],['688' '239'],['421' '374'],Ox,Saturday,16.0
2009-07-16,16,กรกฎาคม,2552,000816,16,816,94,['005' '177' '356' '836'],['005' '177'],['356' '836'],Ox,Thursday,15.0
2009-07-01,1,กรกฎาคม,2552,207542,42,542,66,['233' '107' '799' '385'],['233' '107'],['799' '385'],Ox,Wednesday,15.0
2009-06-16,16,มิถุนายน,2552,930456,56,456,15,['125' '044' '954' '179'],['125' '044'],['954' '179'],Ox,Tuesday,15.0
2009-06-01,1,มิถุนายน,2552,777661,61,661,26,['242' '097' '240' '642'],['242' '097'],['240' '642'],Ox,Monday,16.0
2009-05-16,16,พฤษภาคม,2552,111411,11,411,54,['368' '838' '362' '892'],['368' '838'],['362' '892'],Ox,Saturday,14.0
2009-05-02,2,พฤษภาคม,2552,294452,52,452,11,['222' '549' '947' '301'],['222' '549'],['947' '301'],Ox,Saturday,16.0
2009-04-16,16,เมษายน,2552,368415,15,415,33,['954' '179' '007' '570'],['954' '179'],['007' '570'],Ox,Thursday,15.0
2009-04-01,1,เมษายน,2552,816578,78,578,50,['572' '363' '113' '044'],['572' '363'],['113' '044'],Ox,Wednesday,16.0
2009-03-16,16,มีนาคม,2552,268812,12,812,36,['228' '929' '424' '063'],['228' '929'],['424' '063'],Ox,Monday,15.0
2009-03-01,1,มีนาคม,2552,553091,91,091,67,['224' '238' '665' '295'],['224' '238'],['665' '295'],Ox,Sunday,13.0
2009-02-16,16,กุมภาพันธ์,2552,038730,30,730,93,['961' '939' '115' '434'],['961' '939'],['115' '434'],Ox,Monday,15.0
2009-02-01,1,กุมภาพันธ์,2552,534533,33,533,69,['660' '777' '015' '427'],['660' '777'],['015' '427'],Ox,Sunday,16.0
2009-01-16,16,มกราคม,2552,743212,12,212,25,['266' '800' '842' '885'],['266' '800'],['842' '885'],Ox,Friday,17.0
2008-12-30,30,ธันวาคม,2551,218596,96,596,22,['094' '197' '831' '984'],['094' '197'],['831' '984'],Rat,Tuesday,14.0
2008-12-16,16,ธันวาคม,2551,074114,14,114,25,['305' '715' '803' '959'],['305' '715'],['803' '959'],Rat,Tuesday,15.0
2008-12-01,1,ธันวาคม,2551,205434,34,434,05,['013' '260' '617' '957'],['013' '260'],['617' '957'],Rat,Monday,15.0
2008-11-16,16,พฤศจิกายน,2551,002612,12,612,20,['068' '589' '824' '877'],['068' '589'],['824' '877'],Rat,Sunday,15.0
2008-11-01,1,พฤศจิกายน,2551,272028,28,028,76,['285' '333' '421' '929'],['285' '333'],['421' '929'],Rat,Saturday,16.0
2008-10-16,16,ตุลาคม,2551,431277,77,277,98,['324' '526' '644' '648'],['324' '526'],['644' '648'],Rat,Thursday,15.0
2008-10-01,1,ตุลาคม,2551,882911,11,911,67,['204' '302' '311' '395'],['204' '302'],['311' '395'],Rat,Wednesday,15.0
2008-09-16,16,กันยายน,2551,012377,77,377,56,['378' '534' '557' '691'],['378' '534'],['557' '691'],Rat,Tuesday,15.0
2008-09-01,1,กันยายน,2551,695993,93,993,09,['027' '206' '413' '904'],['027' '206'],['413' '904'],Rat,Monday,16.0
2008-08-16,16,สิงหาคม,2551,380377,77,377,36,['161' '445' '457' '744'],['161' '445'],['457' '744'],Rat,Saturday,15.0
2008-08-01,1,สิงหาคม,2551,850348,48,348,11,['236' '386' '408' '913'],['236' '386'],['408' '913'],Rat,Friday,16.0
2008-07-16,16,กรกฎาคม,2551,257374,74,374,41,['344' '401' '486' '576'],['344' '401'],['486' '576'],Rat,Wednesday,15.0
2008-07-01,1,กรกฎาคม,2551,943671,71,671,50,['096' '287' '490' '523'],['096' '287'],['490' '523'],Rat,Tuesday,15.0
2008-06-16,16,มิถุนายน,2551,729111,11,111,75,['339' '345' '639' '870'],['339' '345'],['639' '870'],Rat,Monday,15.0
2008-06-01,1,มิถุนายน,2551,414875,75,875,35,['370' '666' '747' '916'],['370' '666'],['747' '916'],Rat,Sunday,16.0
2008-05-16,16,พฤษภาคม,2551,329231,31,231,69,['193' '120' '355' '214'],['193' '120'],['355' '214'],Rat,Friday,14.0
2008-05-02,2,พฤษภาคม,2551,453011,11,011,62,['001' '133' '001' '792'],['001' '133'],['001' '792'],Rat,Friday,16.0
2008-04-16,16,เมษายน,2551,982800,00,800,64,['802' '584' '043' '008'],['802' '584'],['043' '008'],Rat,Wednesday,15.0
2008-04-01,1,เมษายน,2551,012653,53,653,71,['124' '195' '200' '586'],['124' '195'],['200' '586'],Rat,Tuesday,16.0
2008-03-16,16,มีนาคม,2551,074946,46,946,33,['077' '974' '085' '158'],['077' '974'],['085' '158'],Rat,Sunday,15.0
2008-03-01,1,มีนาคม,2551,936685,85,685,05,['056' '085' '371' '691'],['056' '085'],['371' '691'],Rat,Saturday,14.0
2008-02-16,16,กุมภาพันธ์,2551,137054,54,054,80,['344' '512' '630' '892'],['344' '512'],['630' '892'],Rat,Saturday,15.0
2008-02-01,1,กุมภาพันธ์,2551,212684,84,684,26,['311' '472' '732' '796'],['311' '472'],['732' '796'],Rat,Friday,16.0
2008-01-16,16,มกราคม,2551,556010,10,010,81,['413' '548' '942' '965'],['413' '548'],['942' '965'],Rat,Wednesday,17.0
2007-12-30,30,ธันวาคม,2550,595411,11,411,81,['267' '490' '741' '787'],['267' '490'],['741' '787'],Pig,Sunday,14.0
2007-12-16,16,ธันวาคม,2550,513501,01,501,96,['425' '432' '460' '702'],['425' '432'],['460' '702'],Pig,Sunday,15.0
2007-12-01,1,ธันวาคม,2550,113410,10,410,18,['418' '485' '627' '659'],['418' '485'],['627' '659'],Pig,Saturday,15.0
2007-11-16,16,พฤศจิกายน,2550,562481,81,481,73,['130' '198' '752' '844'],['130' '198'],['752' '844'],Pig,Friday,15.0
2007-11-01,1,พฤศจิกายน,2550,927907,07,907,88,['213' '277' '524' '648'],['213' '277'],['524' '648'],Pig,Thursday,16.0
2007-10-16,16,ตุลาคม,2550,032988,88,988,48,['158' '663' '685' '846'],['158' '663'],['685' '846'],Pig,Tuesday,15.0
2007-10-01,1,ตุลาคม,2550,430667,67,667,76,['090' '104' '126' '667'],['090' '104'],['126' '667'],Pig,Monday,15.0
2007-09-16,16,กันยายน,2550,499336,36,336,45,['247' '273' '604' '608'],['247' '273'],['604' '608'],Pig,Sunday,15.0
2007-09-01,1,กันยายน,2550,331810,10,810,69,['293' '505' '518' '520'],['293' '505'],['518' '520'],Pig,Saturday,16.0
2007-08-16,16,สิงหาคม,2550,476207,07,207,93,['234' '236' '312' '424'],['234' '236'],['312' '424'],Pig,Thursday,15.0
2007-08-01,1,สิงหาคม,2550,429924,24,924,29,['006' '048' '885' '962'],['006' '048'],['885' '962'],Pig,Wednesday,16.0
2007-07-16,16,กรกฎาคม,2550,527384,84,384,77,['105' '183' '334' '947'],['105' '183'],['334' '947'],Pig,Monday,15.0
2007-07-01,1,กรกฎาคม,2550,565151,51,151,76,['146' '287' '638' '949'],['146' '287'],['638' '949'],Pig,Sunday,15.0
2007-06-16,16,มิถุนายน,2550,393194,94,194,41,['989' '907' '424' '589'],['989' '907'],['424' '589'],Pig,Saturday,15.0
2007-06-01,1,มิถุนายน,2550,836393,93,393,05,['739' '242' '523' '433'],['739' '242'],['523' '433'],Pig,Friday,16.0
2007-05-16,16,พฤษภาคม,2550,232897,97,897,25,['924' '858' '751' '585'],['924' '858'],['751' '585'],Pig,Wednesday,14.0
2007-05-02,2,พฤษภาคม,2550,430374,74,374,81,['553' '442' '881' '729'],['553' '442'],['881' '729'],Pig,Wednesday,16.0
2007-04-16,16,เมษายน,2550,405105,05,105,63,['013' '987' '866' '522'],['013' '987'],['866' '522'],Pig,Monday,15.0
2007-04-01,1,เมษายน,2550,622780,80,780,93,['677' '794' '814' '022'],['677' '794'],['814' '022'],Pig,Sunday,16.0
2007-03-16,16,มีนาคม,2550,876763,63,763,85,['191' '001' '906' '350'],['191' '001'],['906' '350'],Pig,Friday,15.0
2007-03-01,1,มีนาคม,2550,742425,25,425,61,['949' '294' '942' '801'],['949' '294'],['942' '801'],Pig,Thursday,13.0
2007-02-16,16,กุมภาพันธ์,2550,277859,59,859,95,['625' '607' '979' '384'],['625' '607'],['979' '384'],Pig,Friday,15.0
2007-02-01,1,กุมภาพันธ์,2550,769925,25,925,56,['893' '239' '287' '865'],['893' '239'],['287' '865'],Pig,Thursday,16.0
2007-01-16,16,มกราคม,2550,838739,39,739,55,['293' '263' '845' '803'],['293' '263'],['845' '803'],Pig,Tuesday,17.0
2006-12-30,30,ธันวาคม,2549,778584,84,584,07,['811' '403' '164' '971'],['811' '403'],['164' '971'],Dog,Saturday,14.0
2006-12-16,16,ธันวาคม,2549,147977,77,977,45,['439' '694' '647' '197'],['439' '694'],['647' '197'],Dog,Saturday,15.0
2006-12-01,1,ธันวาคม,2549,270052,52,052,12,['621' '462' '091' '236'],['621' '462'],['091' '236'],Dog,Friday,15.0
2006-11-16,16,พฤศจิกายน,2549,562856,56,856,94,['508' '307' '680' '347'],['508' '307'],['680' '347'],Dog,Thursday,15.0
2006-11-01,1,พฤศจิกายน,2549,910957,57,957,29,['647' '739' '137' '905'],['647' '739'],['137' '905'],Dog,Wednesday,16.0
2006-10-16,16,ตุลาคม,2549,264825,25,825,58,['903' '092' '358' '832'],['903' '092'],['358' '832'],Dog,Monday,15.0
2006-10-01,1,ตุลาคม,2549,952335,35,335,92,['007' '804' '879' '951'],['007' '804'],['879' '951'],Dog,Sunday,15.0
2006-09-16,16,กันยายน,2549,217948,48,948,41,['916' '290' '864' '121'],['916' '290'],['864' '121'],Dog,Saturday,15.0
2006-09-01,1,กันยายน,2549,381761,61,761,44,['600' '693' '093' '626'],['600' '693'],['093' '626'],Dog,Friday,16.0
2006-08-16,16,สิงหาคม,2549,977486,86,486,91,['221' '305' '230' '103'],['221' '305'],['230' '103'],Dog,Wednesday,15.0
2006-08-01,1,สิงหาคม,2549,238654,54,654,88,['847' '005' '817' '487'],['847' '005'],['817' '487'],Dog,Tuesday,16.0
2006-07-16,16,กรกฎาคม,2549,512434,34,434,48,['989' '098' '518' '432'],['989' '098'],['518' '432'],Dog,Sunday,15.0
2006-07-01,1,กรกฎาคม,2549,952890,90,890,65,['126' '183' '017' '839'],['126' '183'],['017' '839'],Dog,Saturday,15.0
2006-06-16,16,มิถุนายน,2549,100935,35,935,17,['381' '410' '595' '250'],['381' '410'],['595' '250'],Dog,Friday,15.0
2006-06-01,1,มิถุนายน,2549,810850,50,850,99,['526' '149' '382' '664'],['526' '149'],['382' '664'],Dog,Thursday,16.0
2006-05-16,16,พฤษภาคม,2549,100344,44,344,71,['386' '463' '811' '696'],['386' '463'],['811' '696'],Dog,Tuesday,14.0
2006-05-02,2,พฤษภาคม,2549,024554,54,554,27,['006' '438' '082' '117'],['006' '438'],['082' '117'],Dog,Tuesday,16.0
2006-04-16,16,เมษายน,2549,038564,64,564,49,['210' '442' '769' '877'],['210' '442'],['769' '877'],Dog,Sunday,15.0
2006-04-01,1,เมษายน,2549,738365,65,365,95,['064' '955' '301' '522'],['064' '955'],['301' '522'],Dog,Saturday,16.0
2006-03-16,16,มีนาคม,2549,936177,77,177,30,['486' '185' '205' '320'],['486' '185'],['205' '320'],Dog,Thursday,15.0
2006-03-01,1,มีนาคม,2549,582473,73,473,43,['586' '801' '108' '914'],['586' '801'],['108' '914'],Dog,Wednesday,13.0
2006-02-16,16,กุมภาพันธ์,2549,317009,09,009,66,['784' '240' '135' '280'],['784' '240'],['135' '280'],Dog,Thursday,15.0
2006-02-01,1,กุมภาพันธ์,2549,412729,29,729,87,['915' '720' '149' '384'],['915' '720'],['149' '384'],Dog,Wednesday,16.0
2006-01-16,16,มกราคม,2549,432747,47,747,79,['222' '789' '965' '200'],['222' '789'],['965' '200'],Dog,Monday,17.0
2005-12-30,30,ธันวาคม,2548,492955,55,955,94,['066' '308' '742' '150'],['066' '308'],['742' '150'],Rooster,Friday,14.0
2005-12-16,16,ธันวาคม,2548,449565,65,565,86,['802' '162' '958' '994'],['802' '162'],['958' '994'],Rooster,Friday,15.0
2005-12-01,1,ธันวาคม,2548,388551,51,551,17,['072' '764' '027' '770'],['072' '764'],['027' '770'],Rooster,Thursday,15.0
2005-11-16,16,พฤศจิกายน,2548,742518,18,518,80,['502' '741' '887' '137'],['502' '741'],['887' '137'],Rooster,Wednesday,15.0
2005-11-01,1,พฤศจิกายน,2548,970577,77,577,98,['171' '375' '009' '216'],['171' '375'],['009' '216'],Rooster,Tuesday,16.0
2005-10-16,16,ตุลาคม,2548,041072,72,072,71,['346' '913' '410' '269'],['346' '913'],['410' '269'],Rooster,Sunday,15.0
2005-10-01,1,ตุลาคม,2548,766482,82,482,24,['766' '551' '792' '275'],['766' '551'],['792' '275'],Rooster,Saturday,15.0
2005-09-16,16,กันยายน,2548,214768,68,768,10,['498' '282' '124' '057'],['498' '282'],['124' '057'],Rooster,Friday,15.0
2005-09-01,1,กันยายน,2548,316933,33,933,17,['123' '338' '969' '047'],['123' '338'],['969' '047'],Rooster,Thursday,16.0
2005-08-16,16,สิงหาคม,2548,475560,60,560,68,['272' '844' '103' '915'],['272' '844'],['103' '915'],Rooster,Tuesday,15.0
2005-08-01,1,สิงหาคม,2548,961633,33,633,26,['055' '152' '386' '272'],['055' '152'],['386' '272'],Rooster,Monday,16.0
2005-07-16,16,กรกฎาคม,2548,477452,52,452,13,['757' '150' '460' '642'],['757' '150'],['460' '642'],Rooster,Saturday,15.0
2005-07-01,1,กรกฎาคม,2548,009554,54,554,87,['798' '427' '641' '244'],['798' '427'],['641' '244'],Rooster,Friday,15.0
2005-06-16,16,มิถุนายน,2548,793070,70,070,44,['806' '021' '074' '605'],['806' '021'],['074' '605'],Rooster,Thursday,15.0
2005-06-01,1,มิถุนายน,2548,176893,93,893,35,['176' '579' '616' '405'],['176' '579'],['616' '405'],Rooster,Wednesday,16.0
2005-05-16,16,พฤษภาคม,2548,867134,34,134,97,['376' '648' '465' '693'],['376' '648'],['465' '693'],Rooster,Monday,14.0
2005-05-02,2,พฤษภาคม,2548,772467,67,467,43,['017' '383' '815' '073'],['017' '383'],['815' '073'],Rooster,Monday,16.0
2005-04-16,16,เมษายน,2548,119327,27,327,10,['081' '968' '346' '627'],['081' '968'],['346' '627'],Rooster,Saturday,15.0
2005-04-01,1,เมษายน,2548,815753,53,753,69,['482' '381' '224' '807'],['482' '381'],['224' '807'],Rooster,Friday,16.0
2005-03-16,16,มีนาคม,2548,196345,45,345,03,['073' '601' '783' '394'],['073' '601'],['783' '394'],Rooster,Wednesday,15.0
2005-03-01,1,มีนาคม,2548,800751,51,751,93,['681' '714' '998' '669'],['681' '714'],['998' '669'],Rooster,Tuesday,13.0
2005-02-16,16,กุมภาพันธ์,2548,816422,22,422,53,['086' '356' '192' '065'],['086' '356'],['192' '065'],Rooster,Wednesday,15.0
2005-02-01,1,กุมภาพันธ์,2548,540054,54,054,34,['389' '180' '863' '571'],['389' '180'],['863' '571'],Rooster,Tuesday,16.0
2005-01-16,16,มกราคม,2548,335022,22,022,08,['689' '291' '039' '479'],['689' '291'],['039' '479'],Rooster,Sunday,17.0
2004-12-30,30,ธันวาคม,2547,168858,58,858,28,['221' '603' '627' '179'],['221' '603'],['627' '179'],Monkey,Thursday,14.0
2004-12-16,16,ธันวาคม,2547,479372,72,372,17,['288' '075' '999' '183'],['288' '075'],['999' '183'],Monkey,Thursday,15.0
2004-12-01,1,ธันวาคม,2547,504658,58,658,69,['139' '014' '984' '691'],['139' '014'],['984' '691'],Monkey,Wednesday,15.0
2004-11-16,16,พฤศจิกายน,2547,754622,22,622,64,['918' '019' '744' '904'],['918' '019'],['744' '904'],Monkey,Tuesday,15.0
2004-11-01,1,พฤศจิกายน,2547,185966,66,966,23,['862' '137' '745' '661'],['862' '137'],['745' '661'],Monkey,Monday,16.0
2004-10-16,16,ตุลาคม,2547,355858,58,858,62,['162' '200' '438' '890'],['162' '200'],['438' '890'],Monkey,Saturday,15.0
2004-10-01,1,ตุลาคม,2547,110866,66,866,66,['200' '547' '781' '806'],['200' '547'],['781' '806'],Monkey,Friday,15.0
2004-09-16,16,กันยายน,2547,923373,73,373,59,['295' '888' '774' '867'],['295' '888'],['774' '867'],Monkey,Thursday,15.0
2004-09-01,1,กันยายน,2547,096597,97,597,70,['709' '929' '014' '456'],['709' '929'],['014' '456'],Monkey,Wednesday,16.0
2004-08-16,16,สิงหาคม,2547,335921,21,921,59,['114' '082' '559' '288'],['114' '082'],['559' '288'],Monkey,Monday,14.0
2004-08-02,2,สิงหาคม,2547,868990,90,990,45,['956' '811' '510' '377'],['956' '811'],['510' '377'],Monkey,Monday,17.0
2004-07-16,16,กรกฎาคม,2547,205588,88,588,25,['696' '726' '461' '154'],['696' '726'],['461' '154'],Monkey,Friday,15.0
2004-07-01,1,กรกฎาคม,2547,312471,71,471,66,['313' '598' '664' '261'],['313' '598'],['664' '261'],Monkey,Thursday,15.0
2004-06-16,16,มิถุนายน,2547,208713,13,713,87,['414' '911' '459' '986'],['414' '911'],['459' '986'],Monkey,Wednesday,15.0
2004-06-01,1,มิถุนายน,2547,614144,44,144,72,['990' '776' '425' '992'],['990' '776'],['425' '992'],Monkey,Tuesday,16.0
2004-05-16,16,พฤษภาคม,2547,589207,07,207,13,['492' '992' '526' '253'],['492' '992'],['526' '253'],Monkey,Sunday,14.0
2004-05-02,2,พฤษภาคม,2547,653403,03,403,91,['385' '550' '822' '101'],['385' '550'],['822' '101'],Monkey,Sunday,16.0
2004-04-16,16,เมษายน,2547,705832,32,832,12,['008' '966' '634' '721'],['008' '966'],['634' '721'],Monkey,Friday,15.0
2004-04-01,1,เมษายน,2547,196391,91,391,62,['808' '918' '257' '851'],['808' '918'],['257' '851'],Monkey,Thursday,16.0
2004-03-16,16,มีนาคม,2547,615366,66,366,69,['779' '094' '478' '830'],['779' '094'],['478' '830'],Monkey,Tuesday,15.0
2004-03-01,1,มีนาคม,2547,697483,83,483,50,['610' '510' '759' '206'],['610' '510'],['759' '206'],Monkey,Monday,14.0
2004-02-16,16,กุมภาพันธ์,2547,698002,02,002,00,['877' '309' '798' '072'],['877' '309'],['798' '072'],Monkey,Monday,15.0
2004-02-01,1,กุมภาพันธ์,2547,216822,22,822,77,['361' '242' '769' '765'],['361' '242'],['769' '765'],Monkey,Sunday,16.0
2004-01-16,16,มกราคม,2547,731342,42,342,96,['025' '357' '926' '391'],['025' '357'],['926' '391'],Monkey,Friday,17.0
2003-12-30,30,ธันวาคม,2546,739447,47,447,64,['654' '435' '743' '216'],['654' '435'],['743' '216'],Goat,Tuesday,14.0
2003-12-16,16,ธันวาคม,2546,177947,47,947,87,['676' '847' '735' '571'],['676' '847'],['735' '571'],Goat,Tuesday,15.0
2003-12-01,1,ธันวาคม,2546,991307,07,307,78,['945' '719' '559' '217'],['945' '719'],['559' '217'],Goat,Monday,15.0
2003-11-16,16,พฤศจิกายน,2546,238511,11,511,68,['155' '767' '594' '474'],['155' '767'],['594' '474'],Goat,Sunday,15.0
2003-11-01,1,พฤศจิกายน,2546,941438,38,438,47,['866' '156' '216' '264'],['866' '156'],['216' '264'],Goat,Saturday,16.0
2003-10-16,16,ตุลาคม,2546,305500,00,500,03,['109' '012' '084' '470'],['109' '012'],['084' '470'],Goat,Thursday,15.0
2003-10-01,1,ตุลาคม,2546,912040,40,040,43,['407' '100' '379' '563'],['407' '100'],['379' '563'],Goat,Wednesday,15.0
2003-09-16,16,กันยายน,2546,600589,89,589,53,['909' '356' '996' '494'],['909' '356'],['996' '494'],Goat,Tuesday,15.0
2003-09-01,1,กันยายน,2546,187813,13,813,92,['661' '918' '793' '249'],['661' '918'],['793' '249'],Goat,Monday,16.0
2003-08-16,16,สิงหาคม,2546,354771,71,771,00,['496' '271' '206' '624'],['496' '271'],['206' '624'],Goat,Saturday,15.0
2003-08-01,1,สิงหาคม,2546,766098,98,098,91,['733' '856' '007' '460'],['733' '856'],['007' '460'],Goat,Friday,16.0
2003-07-16,16,กรกฎาคม,2546,679545,45,545,75,['049' '589' '281' '363'],['049' '589'],['281' '363'],Goat,Wednesday,15.0
2003-07-01,1,กรกฎาคม,2546,461414,14,414,91,['151' '878' '395' '282'],['151' '878'],['395' '282'],Goat,Tuesday,15.0
2003-06-16,16,มิถุนายน,2546,389872,72,872,29,['605' '995' '922' '006'],['605' '995'],['922' '006'],Goat,Monday,15.0
2003-06-01,1,มิถุนายน,2546,766066,66,066,36,['083' '523' '354' '686'],['083' '523'],['354' '686'],Goat,Sunday,16.0
2003-05-16,16,พฤษภาคม,2546,552784,84,784,20,['608' '048' '699' '362'],['608' '048'],['699' '362'],Goat,Friday,14.0
2003-05-02,2,พฤษภาคม,2546,135603,03,603,12,['498' '870' '386' '522'],['498' '870'],['386' '522'],Goat,Friday,16.0
2003-04-16,16,เมษายน,2546,892525,25,525,21,['933' '906' '796' '823'],['933' '906'],['796' '823'],Goat,Wednesday,15.0
2003-04-01,1,เมษายน,2546,933164,64,164,86,['467' '863' '732' '902'],['467' '863'],['732' '902'],Goat,Tuesday,16.0
2003-03-16,16,มีนาคม,2546,653062,62,062,64,['820' '208' '702' '038'],['820' '208'],['702' '038'],Goat,Sunday,15.0
2003-03-01,1,มีนาคม,2546,441022,22,022,42,['322' '026' '707' '628'],['322' '026'],['707' '628'],Goat,Saturday,12.0
2003-02-17,17,กุมภาพันธ์,2546,455578,78,578,61,['805' '496' '980' '857'],['805' '496'],['980' '857'],Goat,Monday,16.0
2003-02-01,1,กุมภาพันธ์,2546,456370,70,370,94,['661' '429' '806' '229'],['661' '429'],['806' '229'],Goat,Saturday,16.0
2003-01-16,16,มกราคม,2546,977085,85,085,06,['441' '535' '519' '262'],['441' '535'],['519' '262'],Goat,Thursday,17.0
2002-12-30,30,ธันวาคม,2545,895196,96,196,95,['191' '116' '689' '609'],['191' '116'],['689' '609'],Horse,Monday,14.0
2002-12-16,16,ธันวาคม,2545,019682,82,682,67,['616' '312' '075' '849'],['616' '312'],['075' '849'],Horse,Monday,15.0
2002-12-01,1,ธันวาคม,2545,968422,22,422,37,['298' '088' '337' '809'],['298' '088'],['337' '809'],Horse,Sunday,15.0
2002-11-16,16,พฤศจิกายน,2545,915344,44,344,55,['191' '843' '789' '906'],['191' '843'],['789' '906'],Horse,Saturday,15.0
2002-11-01,1,พฤศจิกายน,2545,505498,98,498,25,['341' '297' '747' '383'],['341' '297'],['747' '383'],Horse,Friday,16.0
2002-10-16,16,ตุลาคม,2545,428641,41,641,51,['150' '401' '244' '177'],['150' '401'],['244' '177'],Horse,Wednesday,15.0
2002-10-01,1,ตุลาคม,2545,802505,05,505,72,['864' '567' '358' '189'],['864' '567'],['358' '189'],Horse,Tuesday,15.0
2002-09-16,16,กันยายน,2545,156050,50,050,85,['056' '889' '823' '169'],['056' '889'],['823' '169'],Horse,Monday,15.0
2002-09-01,1,กันยายน,2545,994200,00,200,51,['126' '799' '046' '395'],['126' '799'],['046' '395'],Horse,Sunday,16.0
2002-08-16,16,สิงหาคม,2545,120108,08,108,57,['705' '173' '953' '147'],['705' '173'],['953' '147'],Horse,Friday,15.0
2002-08-01,1,สิงหาคม,2545,493438,38,438,88,['269' '645' '544' '529'],['269' '645'],['544' '529'],Horse,Thursday,16.0
2002-07-16,16,กรกฎาคม,2545,340264,64,264,69,['304' '632' '539' '034'],['304' '632'],['539' '034'],Horse,Tuesday,15.0
2002-07-01,1,กรกฎาคม,2545,481447,47,447,24,['195' '517' '763' '802'],['195' '517'],['763' '802'],Horse,Monday,15.0
2002-06-16,16,มิถุนายน,2545,073261,61,261,07,['472' '156' '662' '845'],['472' '156'],['662' '845'],Horse,Sunday,15.0
2002-06-01,1,มิถุนายน,2545,161149,49,149,02,['879' '643' '328' '485'],['879' '643'],['328' '485'],Horse,Saturday,16.0
2002-05-16,16,พฤษภาคม,2545,598714,14,714,76,['765' '725' '394' '508'],['765' '725'],['394' '508'],Horse,Thursday,14.0
2002-05-02,2,พฤษภาคม,2545,590664,64,664,56,['764' '739' '695' '503'],['764' '739'],['695' '503'],Horse,Thursday,16.0
2002-04-16,16,เมษายน,2545,522630,30,630,37,['586' '949' '997' '085'],['586' '949'],['997' '085'],Horse,Tuesday,15.0
2002-04-01,1,เมษายน,2545,990543,43,543,57,['971' '430' '225' '456'],['971' '430'],['225' '456'],Horse,Monday,16.0
2002-03-16,16,มีนาคม,2545,659152,52,152,04,['370' '066' '707' '943'],['370' '066'],['707' '943'],Horse,Saturday,15.0
2002-03-01,1,มีนาคม,2545,805590,90,590,55,['748' '715' '434' '856'],['748' '715'],['434' '856'],Horse,Friday,13.0
2002-02-16,16,กุมภาพันธ์,2545,330853,53,853,92,['167' '820' '088' '769'],['167' '820'],['088' '769'],Horse,Saturday,15.0
2002-02-01,1,กุมภาพันธ์,2545,633270,70,270,40,['956' '414' '621' '859'],['956' '414'],['621' '859'],Horse,Friday,16.0
2002-01-16,16,มกราคม,2545,709670,70,670,14,['895' '116' '434' '109'],['895' '116'],['434' '109'],Horse,Wednesday,17.0
2001-12-30,30,ธันวาคม,2544,729367,67,367,64,['873' '974' '611' '107'],['873' '974'],['611' '107'],Snake,Sunday,14.0
2001-12-16,16,ธันวาคม,2544,224675,75,675,19,['887' '538' '363' '902'],['887' '538'],['363' '902'],Snake,Sunday,15.0
2001-12-01,1,ธันวาคม,2544,737022,22,022,49,['713' '461' '773' '925'],['713' '461'],['773' '925'],Snake,Saturday,15.0
2001-11-16,16,พฤศจิกายน,2544,685706,06,706,74,['339' '976' '600' '275'],['339' '976'],['600' '275'],Snake,Friday,15.0
2001-11-01,1,พฤศจิกายน,2544,683472,72,472,52,['392' '081' '694' '431'],['392' '081'],['694' '431'],Snake,Thursday,16.0
2001-10-16,16,ตุลาคม,2544,975005,05,005,48,['070' '626' '110' '670'],['070' '626'],['110' '670'],Snake,Tuesday,15.0
2001-10-01,1,ตุลาคม,2544,104154,54,154,15,['827' '303' '287' '058'],['827' '303'],['287' '058'],Snake,Monday,15.0
2001-09-16,16,กันยายน,2544,616426,26,426,82,['995' '806' '291' '089'],['995' '806'],['291' '089'],Snake,Sunday,15.0
2001-09-01,1,กันยายน,2544,119067,67,067,14,['145' '294' '218' '532'],['145' '294'],['218' '532'],Snake,Saturday,16.0
2001-08-16,16,สิงหาคม,2544,690135,35,135,10,['217' '717' '900' '588'],['217' '717'],['900' '588'],Snake,Thursday,15.0
2001-08-01,1,สิงหาคม,2544,180597,97,597,11,['602' '086' '864' '848'],['602' '086'],['864' '848'],Snake,Wednesday,16.0
2001-07-16,16,กรกฎาคม,2544,820715,15,715,50,['250' '171' '282' '767'],['250' '171'],['282' '767'],Snake,Monday,15.0
2001-07-01,1,กรกฎาคม,2544,107987,87,987,34,['364' '296' '985' '546'],['364' '296'],['985' '546'],Snake,Sunday,15.0
2001-06-16,16,มิถุนายน,2544,762394,94,394,75,['550' '395' '606' '922'],['550' '395'],['606' '922'],Snake,Saturday,15.0
2001-06-01,1,มิถุนายน,2544,113311,11,311,80,['490' '983' '310' '920'],['490' '983'],['310' '920'],Snake,Friday,16.0
2001-05-16,16,พฤษภาคม,2544,091982,82,982,61,['437' '507' '055' '080'],['437' '507'],['055' '080'],Snake,Wednesday,14.0
2001-05-02,2,พฤษภาคม,2544,205095,95,095,64,['980' '543' '294' '099'],['980' '543'],['294' '099'],Snake,Wednesday,16.0
2001-04-16,16,เมษายน,2544,140843,43,843,28,['031' '952' '800' '378'],['031' '952'],['800' '378'],Snake,Monday,15.0
2001-04-01,1,เมษายน,2544,640998,98,998,49,['600' '061' '407' '877'],['600' '061'],['407' '877'],Snake,Sunday,16.0
2001-03-16,16,มีนาคม,2544,633616,16,616,45,['400' '773' '903' '350'],['400' '773'],['903' '350'],Snake,Friday,15.0
2001-03-01,1,มีนาคม,2544,836537,37,537,85,['356' '147' '292' '380'],['356' '147'],['292' '380'],Snake,Thursday,13.0
2001-02-16,16,กุมภาพันธ์,2544,621267,67,267,47,['155' '275' '673' '305'],['155' '275'],['673' '305'],Snake,Friday,15.0
2001-02-01,1,กุมภาพันธ์,2544,454703,03,703,13,['089' '437' '245' '063'],['089' '437'],['245' '063'],Snake,Thursday,16.0
2001-01-16,16,มกราคม,2544,737016,16,016,36,['358' '515' '778' '035'],['358' '515'],['778' '035'],Snake,Tuesday,17.0
2000-12-30,30,ธันวาคม,2543,119451,51,451,31,['600' '763' '985' '357'],['600' '763'],['985' '357'],Dragon,Saturday,14.0
2000-12-16,16,ธันวาคม,2543,969676,76,676,91,['555' '267' '313' '605'],['555' '267'],['313' '605'],Dragon,Saturday,15.0
2000-12-01,1,ธันวาคม,2543,887956,56,956,56,['454' '664' '170' '933'],['454' '664'],['170' '933'],Dragon,Friday,15.0
2000-11-16,16,พฤศจิกายน,2543,565311,11,311,10,['494' '381' '044' '304'],['494' '381'],['044' '304'],Dragon,Thursday,15.0
2000-11-01,1,พฤศจิกายน,2543,093182,82,182,90,['046' '606' '818' '407'],['046' '606'],['818' '407'],Dragon,Wednesday,16.0
2000-10-16,16,ตุลาคม,2543,620662,62,662,39,['276' '607' '133' '372'],['276' '607'],['133' '372'],Dragon,Monday,15.0
2000-10-01,1,ตุลาคม,2543,290582,82,582,26,['690' '436' '618' '070'],['690' '436'],['618' '070'],Dragon,Sunday,15.0
2000-09-16,16,กันยายน,2543,046251,51,251,05,['933' '806' '860' '230'],['933' '806'],['860' '230'],Dragon,Saturday,15.0
2000-09-01,1,กันยายน,2543,437367,67,367,52,['952' '290' '365' '474'],['952' '290'],['365' '474'],Dragon,Friday,16.0
2000-08-16,16,สิงหาคม,2543,459013,13,013,57,['087' '378' '155' '120'],['087' '378'],['155' '120'],Dragon,Wednesday,15.0
2000-08-01,1,สิงหาคม,2543,267540,40,540,18,['881' '930' '665' '463'],['881' '930'],['665' '463'],Dragon,Tuesday,16.0
2000-07-16,16,กรกฎาคม,2543,931342,42,342,43,['397' '237' '739' '656'],['397' '237'],['739' '656'],Dragon,Sunday,15.0
2000-07-01,1,กรกฎาคม,2543,674071,71,071,29,['946' '761' '689' '190'],['946' '761'],['689' '190'],Dragon,Saturday,15.0
2000-06-16,16,มิถุนายน,2543,825696,96,696,57,['592' '832' '311' '771'],['592' '832'],['311' '771'],Dragon,Friday,15.0
2000-06-01,1,มิถุนายน,2543,592761,61,761,16,['716' '705' '981' '810'],['716' '705'],['981' '810'],Dragon,Thursday,16.0
2000-05-16,16,พฤษภาคม,2543,009315,15,315,56,['226' '035' '929' '174'],['226' '035'],['929' '174'],Dragon,Tuesday,14.0
2000-05-02,2,พฤษภาคม,2543,070715,15,715,20,['422' '287' '979' '740'],['422' '287'],['979' '740'],Dragon,Tuesday,16.0
2000-04-16,16,เมษายน,2543,836777,77,777,63,['950' '273' '131' '362'],['950' '273'],['131' '362'],Dragon,Sunday,15.0
2000-04-01,1,เมษายน,2543,963948,48,948,99,['477' '535' '511' '018'],['477' '535'],['511' '018'],Dragon,Saturday,16.0
2000-03-16,16,มีนาคม,2543,164311,11,311,65,['009' '460' '071' '326'],['009' '460'],['071' '326'],Dragon,Thursday,15.0
2000-03-01,1,มีนาคม,2543,997833,33,833,63,['817' '250' '627' '416'],['817' '250'],['627' '416'],Dragon,Wednesday,14.0
2000-02-16,16,กุมภาพันธ์,2543,729816,16,816,91,['631' '916' '618' '181'],['631' '916'],['618' '181'],Dragon,Wednesday,15.0
2000-02-01,1,กุมภาพันธ์,2543,530213,13,213,85,['109' '926' '094' '597'],['109' '926'],['094' '597'],Dragon,Tuesday,16.0
2000-01-16,16,มกราคม,2543,442183,83,183,82,['540' '950' '269' '847'],['540' '950'],['269' '847'],Dragon,Sunday,17.0
1999-12-30,30,ธันวาคม,2542,051108,08,108,03,['061' '263' '540' '301'],['061' '263'],['540' '301'],Rabbit,Thursday,14.0
1999-12-16,16,ธันวาคม,2542,139853,53,853,30,['131' '688' '143' '656'],['131' '688'],['143' '656'],Rabbit,Thursday,15.0
1999-12-01,1,ธันวาคม,2542,669281,81,281,79,['952' '896' '999' '999'],['952' '896'],['999' '999'],Rabbit,Wednesday,15.0
1999-11-16,16,พฤศจิกายน,2542,764354,54,354,14,['978' '723' '324' '293'],['978' '723'],['324' '293'],Rabbit,Tuesday,15.0
1999-11-01,1,พฤศจิกายน,2542,561335,35,335,03,['655' '882' '570' '141'],['655' '882'],['570' '141'],Rabbit,Monday,16.0
1999-10-16,16,ตุลาคม,2542,410227,27,227,28,['468' '304' '750' '467'],['468' '304'],['750' '467'],Rabbit,Saturday,15.0
1999-10-01,1,ตุลาคม,2542,830676,76,676,80,['287' '215' '167' '234'],['287' '215'],['167' '234'],Rabbit,Friday,15.0
1999-09-16,16,กันยายน,2542,807506,06,506,46,['593' '268' '283' '734'],['593' '268'],['283' '734'],Rabbit,Thursday,15.0
1999-09-01,1,กันยายน,2542,591344,44,344,33,['261' '237' '275' '861'],['261' '237'],['275' '861'],Rabbit,Wednesday,16.0
1999-08-16,16,สิงหาคม,2542,340998,98,998,65,['696' '333' '371' '111'],['696' '333'],['371' '111'],Rabbit,Monday,15.0
1999-08-01,1,สิงหาคม,2542,056860,60,860,98,['688' '064' '303' '994'],['688' '064'],['303' '994'],Rabbit,Sunday,16.0
1999-07-16,16,กรกฎาคม,2542,070416,16,416,03,['138' '349' '343' '004'],['138' '349'],['343' '004'],Rabbit,Friday,15.0
1999-07-01,1,กรกฎาคม,2542,386441,41,441,67,['152' '987' '001' '211'],['152' '987'],['001' '211'],Rabbit,Thursday,15.0
1999-06-16,16,มิถุนายน,2542,278794,94,794,63,['917' '422' '859' '742'],['917' '422'],['859' '742'],Rabbit,Wednesday,15.0
1999-06-01,1,มิถุนายน,2542,077626,26,626,08,['606' '177' '951' '340'],['606' '177'],['951' '340'],Rabbit,Tuesday,16.0
1999-05-16,16,พฤษภาคม,2542,618818,18,818,16,['843' '074' '884' '870'],['843' '074'],['884' '870'],Rabbit,Sunday,14.0
1999-05-02,2,พฤษภาคม,2542,691483,83,483,45,['686' '003' '715' '184'],['686' '003'],['715' '184'],Rabbit,Sunday,16.0
1999-04-16,16,เมษายน,2542,625094,94,094,35,['394' '432' '067' '859'],['394' '432'],['067' '859'],Rabbit,Friday,15.0
1999-04-01,1,เมษายน,2542,479957,57,957,92,['713' '471' '858' '670'],['713' '471'],['858' '670'],Rabbit,Thursday,16.0
1999-03-16,16,มีนาคม,2542,577278,78,278,63,['089' '418' '606' '415'],['089' '418'],['606' '415'],Rabbit,Tuesday,14.0
1999-03-02,2,มีนาคม,2542,660214,14,214,58,['645' '612' '927' '479'],['645' '612'],['927' '479'],Rabbit,Tuesday,14.0
1999-02-16,16,กุมภาพันธ์,2542,307213,13,213,41,['456' '091' '404' '782'],['456' '091'],['404' '782'],Rabbit,Tuesday,15.0
1999-02-01,1,กุมภาพันธ์,2542,342860,60,860,69,['361' '048' '735' '752'],['361' '048'],['735' '752'],Rabbit,Monday,16.0
1999-01-16,16,มกราคม,2542,190611,11,611,13,['186' '543' '854' '976'],['186' '543'],['854' '976'],Rabbit,Saturday,17.0
1998-12-30,30,ธันวาคม,2541,464147,47,147,50,['778' '094' '924' '983'],['778' '094'],['924' '983'],Tiger,Wednesday,14.0
1998-12-16,16,ธันวาคม,2541,181813,13,813,55,['306' '175' '498' '560'],['306' '175'],['498' '560'],Tiger,Wednesday,15.0
1998-12-01,1,ธันวาคม,2541,836569,69,569,58,['115' '075' '944' '200'],['115' '075'],['944' '200'],Tiger,Tuesday,15.0
1998-11-16,16,พฤศจิกายน,2541,270744,44,744,20,['480' '763' '785' '794'],['480' '763'],['785' '794'],Tiger,Monday,15.0
1998-11-01,1,พฤศจิกายน,2541,920846,46,846,29,['081' '316' '044' '289'],['081' '316'],['044' '289'],Tiger,Sunday,16.0
1998-10-16,16,ตุลาคม,2541,261080,80,080,74,['461' '935' '755' '695'],['461' '935'],['755' '695'],Tiger,Friday,15.0
1998-10-01,1,ตุลาคม,2541,987844,44,844,18,['806' '286' '728' '470'],['806' '286'],['728' '470'],Tiger,Thursday,15.0
1998-09-16,16,กันยายน,2541,065720,20,720,65,['782' '584' '401' '311'],['782' '584'],['401' '311'],Tiger,Wednesday,15.0
1998-09-01,1,กันยายน,2541,872795,95,795,96,['316' '042' '551' '060'],['316' '042'],['551' '060'],Tiger,Tuesday,16.0
1998-08-16,16,สิงหาคม,2541,081784,84,784,91,['724' '464' '644' '677'],['724' '464'],['644' '677'],Tiger,Sunday,15.0
1998-08-01,1,สิงหาคม,2541,748493,93,493,22,['015' '001' '771' '862'],['015' '001'],['771' '862'],Tiger,Saturday,16.0
1998-07-16,16,กรกฎาคม,2541,599991,91,991,52,['012' '401' '904' '935'],['012' '401'],['904' '935'],Tiger,Thursday,15.0
1998-07-01,1,กรกฎาคม,2541,595123,23,123,65,['076' '101' '606' '314'],['076' '101'],['606' '314'],Tiger,Wednesday,15.0
1998-06-16,16,มิถุนายน,2541,858076,76,076,19,['235' '316' '219' '533'],['235' '316'],['219' '533'],Tiger,Tuesday,15.0
1998-06-01,1,มิถุนายน,2541,820088,88,088,67,['014' '649' '781' '530'],['014' '649'],['781' '530'],Tiger,Monday,16.0
1998-05-16,16,พฤษภาคม,2541,840043,43,043,63,['984' '258' '981' '950'],['984' '258'],['981' '950'],Tiger,Saturday,14.0
1998-05-02,2,พฤษภาคม,2541,663807,07,807,72,['802' '946' '143' '325'],['802' '946'],['143' '325'],Tiger,Saturday,16.0
1998-04-16,16,เมษายน,2541,146573,73,573,17,['202' '153' '705' '664'],['202' '153'],['705' '664'],Tiger,Thursday,15.0
1998-04-01,1,เมษายน,2541,496930,30,930,66,['454' '563' '882' '786'],['454' '563'],['882' '786'],Tiger,Wednesday,16.0
1998-03-16,16,มีนาคม,2541,572701,01,701,79,['260' '852' '943' '506'],['260' '852'],['943' '506'],Tiger,Monday,15.0
1998-03-01,1,มีนาคม,2541,236864,64,864,74,['867' '285' '127' '562'],['867' '285'],['127' '562'],Tiger,Sunday,13.0
1998-02-16,16,กุมภาพันธ์,2541,612897,97,897,69,['460' '234' '356' '213'],['460' '234'],['356' '213'],Tiger,Monday,15.0
1998-02-01,1,กุมภาพันธ์,2541,665959,59,959,48,['381' '685' '788' '941'],['381' '685'],['788' '941'],Tiger,Sunday,16.0
1998-01-16,16,มกราคม,2541,947195,95,195,34,['425' '185' '833' '792'],['425' '185'],['833' '792'],Tiger,Friday,17.0
1997-12-30,30,ธันวาคม,2540,675704,04,704,65,['044' '327' '977' '788'],['044' '327'],['977' '788'],Ox,Tuesday,14.0
1997-12-16,16,ธันวาคม,2540,294240,40,240,71,['975' '762' '142' '408'],['975' '762'],['142' '408'],Ox,Tuesday,15.0
1997-12-01,1,ธันวาคม,2540,241559,59,559,86,['392' '982' '677' '168'],['392' '982'],['677' '168'],Ox,Monday,15.0
1997-11-16,16,พฤศจิกายน,2540,875462,62,462,99,['539' '573' '730' '038'],['539' '573'],['730' '038'],Ox,Sunday,15.0
1997-11-01,1,พฤศจิกายน,2540,974201,01,201,39,['830' '877' '283' '064'],['830' '877'],['283' '064'],Ox,Saturday,16.0
1997-10-16,16,ตุลาคม,2540,405124,24,124,98,['280' '356' '459' '125'],['280' '356'],['459' '125'],Ox,Thursday,15.0
1997-10-01,1,ตุลาคม,2540,444413,13,413,24,['808' '689' '746' '698'],['808' '689'],['746' '698'],Ox,Wednesday,15.0
1997-09-16,16,กันยายน,2540,527514,14,514,98,['251' '335' '687' '935'],['251' '335'],['687' '935'],Ox,Tuesday,15.0
1997-09-01,1,กันยายน,2540,083537,37,537,59,['132' '319' '658' '716'],['132' '319'],['658' '716'],Ox,Monday,16.0
1997-08-16,16,สิงหาคม,2540,156967,67,967,30,['235' '957' '596' '569'],['235' '957'],['596' '569'],Ox,Saturday,15.0
1997-08-01,1,สิงหาคม,2540,054272,72,272,31,['797' '145' '414' '440'],['797' '145'],['414' '440'],Ox,Friday,16.0
1997-07-16,16,กรกฎาคม,2540,509691,91,691,67,['982' '623' '750' '944'],['982' '623'],['750' '944'],Ox,Wednesday,15.0
1997-07-01,1,กรกฎาคม,2540,676573,73,573,11,['909' '620' '412' '092'],['909' '620'],['412' '092'],Ox,Tuesday,15.0
1997-06-16,16,มิถุนายน,2540,537146,46,146,61,['635' '769' '982' '504'],['635' '769'],['982' '504'],Ox,Monday,15.0
1997-06-01,1,มิถุนายน,2540,643997,97,997,24,['507' '918' '784' '060'],['507' '918'],['784' '060'],Ox,Sunday,16.0
1997-05-16,16,พฤษภาคม,2540,088067,67,067,52,['510' '621' '896' '769'],['510' '621'],['896' '769'],Ox,Friday,14.0
1997-05-02,2,พฤษภาคม,2540,388437,37,437,38,['025' '656' '056' '728'],['025' '656'],['056' '728'],Ox,Friday,16.0
1997-04-16,16,เมษายน,2540,551450,50,450,92,['654' '165' '279' '085'],['654' '165'],['279' '085'],Ox,Wednesday,15.0
1997-04-01,1,เมษายน,2540,617629,29,629,52,['426' '162' '880' '015'],['426' '162'],['880' '015'],Ox,Tuesday,16.0
1997-03-16,16,มีนาคม,2540,100474,74,474,36,['444' '822' '705' '214'],['444' '822'],['705' '214'],Ox,Sunday,15.0
1997-03-01,1,มีนาคม,2540,976779,79,779,98,['148' '414' '791' '364'],['148' '414'],['791' '364'],Ox,Saturday,13.0
1997-02-16,16,กุมภาพันธ์,2540,499884,84,884,94,['716' '247' '533' '315'],['716' '247'],['533' '315'],Ox,Sunday,15.0
1997-02-01,1,กุมภาพันธ์,2540,750792,92,792,57,['402' '771' '703' '079'],['402' '771'],['703' '079'],Ox,Saturday,16.0
1997-01-16,16,มกราคม,2540,151995,95,995,47,['612' '257' '020' '381'],['612' '257'],['020' '381'],Ox,Thursday,17.0
1996-12-30,30,ธันวาคม,2539,879454,54,454,26,['879' '314' '158' '584'],['879' '314'],['158' '584'],Rat,Monday,14.0
1996-12-16,16,ธันวาคม,2539,593856,56,856,44,['381' '755' '608' '438'],['381' '755'],['608' '438'],Rat,Monday,15.0
1996-12-01,1,ธันวาคม,2539,179528,28,528,66,['822' '365' '920' '566'],['822' '365'],['920' '566'],Rat,Sunday,15.0
1996-11-16,16,พฤศจิกายน,2539,951088,88,088,21,['168' '349' '580' '577'],['168' '349'],['580' '577'],Rat,Saturday,15.0
1996-11-01,1,พฤศจิกายน,2539,512694,94,694,24,['290' '432' '255' '964'],['290' '432'],['255' '964'],Rat,Friday,16.0
1996-10-16,16,ตุลาคม,2539,198019,19,019,18,['082' '270' '865' '824'],['082' '270'],['865' '824'],Rat,Wednesday,15.0
1996-10-01,1,ตุลาคม,2539,947788,88,788,97,['089' '166' '544' '484'],['089' '166'],['544' '484'],Rat,Tuesday,15.0
1996-09-16,16,กันยายน,2539,814368,68,368,59,['889' '818' '976' '400'],['889' '818'],['976' '400'],Rat,Monday,15.0
1996-09-01,1,กันยายน,2539,470136,36,136,02,['392' '666' '927' '501'],['392' '666'],['927' '501'],Rat,Sunday,16.0
1996-08-16,16,สิงหาคม,2539,352768,68,768,19,['389' '932' '609' '875'],['389' '932'],['609' '875'],Rat,Friday,15.0
1996-08-01,1,สิงหาคม,2539,151091,91,091,61,['646' '650' '833' '669'],['646' '650'],['833' '669'],Rat,Thursday,16.0
1996-07-16,16,กรกฎาคม,2539,332687,87,687,91,['771' '547' '281' '010'],['771' '547'],['281' '010'],Rat,Tuesday,15.0
1996-07-01,1,กรกฎาคม,2539,625379,79,379,76,['666' '298' '094' '543'],['666' '298'],['094' '543'],Rat,Monday,15.0
1996-06-16,16,มิถุนายน,2539,318311,11,311,21,['649' '118' '735' '916'],['649' '118'],['735' '916'],Rat,Sunday,15.0
1996-06-01,1,มิถุนายน,2539,869656,56,656,81,['422' '126' '961' '584'],['422' '126'],['961' '584'],Rat,Saturday,15.0
1996-05-17,17,พฤษภาคม,2539,978140,40,140,75,['321' '443' '718' '523'],['321' '443'],['718' '523'],Rat,Friday,15.0
1996-05-02,2,พฤษภาคม,2539,247351,51,351,54,['175' '234' '661' '978'],['175' '234'],['661' '978'],Rat,Thursday,16.0
1996-04-16,16,เมษายน,2539,049584,84,584,77,['435' '222' '155' '052'],['435' '222'],['155' '052'],Rat,Tuesday,15.0
1996-04-01,1,เมษายน,2539,660765,65,765,90,['701' '338' '839' '278'],['701' '338'],['839' '278'],Rat,Monday,16.0
1996-03-16,16,มีนาคม,2539,019128,28,128,27,['673' '796' '694' '526'],['673' '796'],['694' '526'],Rat,Saturday,15.0
1996-03-01,1,มีนาคม,2539,304855,55,855,72,['760' '664' '443' '945'],['760' '664'],['443' '945'],Rat,Friday,14.0
1996-02-16,16,กุมภาพันธ์,2539,681455,55,455,49,['977' '664' '428' '779'],['977' '664'],['428' '779'],Rat,Friday,15.0
1996-02-01,1,กุมภาพันธ์,2539,256556,56,556,26,['906' '705' '549' '994'],['906' '705'],['549' '994'],Rat,Thursday,16.0
1996-01-16,16,มกราคม,2539,318302,02,302,21,['882' '444' '661' '971'],['882' '444'],['661' '971'],Rat,Tuesday,17.0
1995-12-30,30,ธันวาคม,2538,327686,86,686,04,['748' '456' '145' '928'],['748' '456'],['145' '928'],Pig,Saturday,14.0
1995-12-16,16,ธันวาคม,2538,952808,08,808,68,['732' '540' '639' '064'],['732' '540'],['639' '064'],Pig,Saturday,15.0
1995-12-01,1,ธันวาคม,2538,714426,26,426,74,['516' '427' '387' '073'],['516' '427'],['387' '073'],Pig,Friday,15.0
1995-11-16,16,พฤศจิกายน,2538,239422,22,422,85,['078' '883' '776' '756'],['078' '883'],['776' '756'],Pig,Thursday,15.0
1995-11-01,1,พฤศจิกายน,2538,282069,69,069,07,['962' '564' '194' '393'],['962' '564'],['194' '393'],Pig,Wednesday,16.0
1995-10-16,16,ตุลาคม,2538,322154,54,154,86,['924' '192' '716' '233'],['924' '192'],['716' '233'],Pig,Monday,15.0
1995-10-01,1,ตุลาคม,2538,317092,92,092,76,['139' '819' '088' '296'],['139' '819'],['088' '296'],Pig,Sunday,15.0
1995-09-16,16,กันยายน,2538,876454,54,454,51,['558' '297' '582' '802'],['558' '297'],['582' '802'],Pig,Saturday,15.0
1995-09-01,1,กันยายน,2538,620837,37,837,83,['693' '872' '255' '644'],['693' '872'],['255' '644'],Pig,Friday,16.0
1995-08-16,16,สิงหาคม,2538,265333,33,333,51,['235' '455' '618' '342'],['235' '455'],['618' '342'],Pig,Wednesday,15.0
1995-08-01,1,สิงหาคม,2538,464819,19,819,59,['070' '274' '669' '293'],['070' '274'],['669' '293'],Pig,Tuesday,16.0
1995-07-16,16,กรกฎาคม,2538,248122,22,122,96,['571' '085' '303' '758'],['571' '085'],['303' '758'],Pig,Sunday,15.0
1995-07-01,1,กรกฎาคม,2538,939901,01,901,19,['428' '940' '667' '879'],['428' '940'],['667' '879'],Pig,Saturday,15.0
1995-06-16,16,มิถุนายน,2538,046698,98,698,82,['678' '785' '507' '393'],['678' '785'],['507' '393'],Pig,Friday,15.0
1995-06-01,1,มิถุนายน,2538,105615,15,615,17,['374' '735' '168' '688'],['374' '735'],['168' '688'],Pig,Thursday,15.0
1995-05-17,17,พฤษภาคม,2538,220381,81,381,55,['460' '597' '511' '488'],['460' '597'],['511' '488'],Pig,Wednesday,15.0
1995-05-02,2,พฤษภาคม,2538,504692,92,692,88,['304' '886' '268' '273'],['304' '886'],['268' '273'],Pig,Tuesday,16.0
1995-04-16,16,เมษายน,2538,053581,81,581,99,['560' '968' '681' '376'],['560' '968'],['681' '376'],Pig,Sunday,15.0
1995-04-01,1,เมษายน,2538,427039,39,039,06,['254' '926' '674' '978'],['254' '926'],['674' '978'],Pig,Saturday,16.0
1995-03-16,16,มีนาคม,2538,646847,47,847,67,['225' '044' '091' '220'],['225' '044'],['091' '220'],Pig,Thursday,15.0
1995-03-01,1,มีนาคม,2538,411454,54,454,71,['034' '019' '022' '152'],['034' '019'],['022' '152'],Pig,Wednesday,13.0
1995-02-16,16,กุมภาพันธ์,2538,869070,70,070,95,['828' '597' '462' '126'],['828' '597'],['462' '126'],Pig,Thursday,15.0
1995-02-01,1,กุมภาพันธ์,2538,198162,62,162,48,['195' '087' '805' '574'],['195' '087'],['805' '574'],Pig,Wednesday,16.0
1995-01-16,16,มกราคม,2538,922388,88,388,40,['186' '667' '253' '002'],['186' '667'],['253' '002'],Pig,Monday,17.0
1994-12-30,30,ธันวาคม,2537,6284069,69,069,90,['798' '713' '339' '744'],['798' '713'],['339' '744'],Dog,Friday,14.0
1994-12-16,16,ธันวาคม,2537,5100040,40,040,50,['654' '129' '766' '544'],['654' '129'],['766' '544'],Dog,Friday,15.0
1994-12-01,1,ธันวาคม,2537,6832681,81,681,02,['342' '923' '448' '043'],['342' '923'],['448' '043'],Dog,Thursday,15.0
1994-11-16,16,พฤศจิกายน,2537,6095849,49,849,82,['504' '902' '225' '816'],['504' '902'],['225' '816'],Dog,Wednesday,15.0
1994-11-01,1,พฤศจิกายน,2537,1676779,79,779,76,['110' '365' '096' '840'],['110' '365'],['096' '840'],Dog,Tuesday,16.0
1994-10-16,16,ตุลาคม,2537,7583048,48,048,79,['165' '294' '428' '024'],['165' '294'],['428' '024'],Dog,Sunday,15.0
1994-10-01,1,ตุลาคม,2537,7128442,42,442,23,['623' '251' '229' '243'],['623' '251'],['229' '243'],Dog,Saturday,15.0
1994-09-16,16,กันยายน,2537,4781931,31,931,88,['046' '255' '164' '886'],['046' '255'],['164' '886'],Dog,Friday,15.0
1994-09-01,1,กันยายน,2537,6220893,93,893,67,['891' '718' '949' '701'],['891' '718'],['949' '701'],Dog,Thursday,16.0
1994-08-16,16,สิงหาคม,2537,6504760,60,760,28,['303' '724' '897' '677'],['303' '724'],['897' '677'],Dog,Tuesday,15.0
1994-08-01,1,สิงหาคม,2537,3114057,57,057,85,['396' '149' '026' '758'],['396' '149'],['026' '758'],Dog,Monday,16.0
1994-07-16,16,กรกฎาคม,2537,5962891,91,891,74,['424' '686' '628' '622'],['424' '686'],['628' '622'],Dog,Saturday,15.0
1994-07-01,1,กรกฎาคม,2537,6568267,67,267,39,['372' '902' '868' '445'],['372' '902'],['868' '445'],Dog,Friday,15.0
1994-06-16,16,มิถุนายน,2537,1947355,55,355,53,['302' '583' '524' '669'],['302' '583'],['524' '669'],Dog,Thursday,15.0
1994-06-01,1,มิถุนายน,2537,3560804,04,804,17,['474' '564' '989' '164'],['474' '564'],['989' '164'],Dog,Wednesday,16.0
1994-05-16,16,พฤษภาคม,2537,2071764,64,764,29,['093' '544' '535' '746'],['093' '544'],['535' '746'],Dog,Monday,14.0
1994-05-02,2,พฤษภาคม,2537,3072877,77,877,69,['535' '317' '170' '521'],['535' '317'],['170' '521'],Dog,Monday,16.0
1994-04-16,16,เมษายน,2537,7893913,13,913,21,['785' '982' '151' '594'],['785' '982'],['151' '594'],Dog,Saturday,15.0
1994-04-01,1,เมษายน,2537,4269815,15,815,29,['675' '035' '704' '868'],['675' '035'],['704' '868'],Dog,Friday,16.0
1994-03-16,16,มีนาคม,2537,1723336,36,336,19,['382' '166' '515' '185'],['382' '166'],['515' '185'],Dog,Wednesday,15.0
1994-03-01,1,มีนาคม,2537,3373731,31,731,41,['082' '631' '008' '820'],['082' '631'],['008' '820'],Dog,Tuesday,13.0
1994-02-16,16,กุมภาพันธ์,2537,7679044,44,044,76,['943' '520' '753' '486'],['943' '520'],['753' '486'],Dog,Wednesday,15.0
1994-02-01,1,กุมภาพันธ์,2537,5984685,85,685,05,['173' '746' '268' '396'],['173' '746'],['268' '396'],Dog,Tuesday,16.0
1994-01-16,16,มกราคม,2537,4791270,70,270,23,['873' '237' '845' '708'],['873' '237'],['845' '708'],Dog,Sunday,17.0
1993-12-30,30,ธันวาคม,2536,2669189,89,189,72,['874' '902' '069' '037'],['874' '902'],['069' '037'],Rooster,Thursday,14.0
1993-12-16,16,ธันวาคม,2536,4043500,00,500,69,['646' '156' '478' '253'],['646' '156'],['478' '253'],Rooster,Thursday,15.0
1993-12-01,1,ธันวาคม,2536,3670638,38,638,98,['294' '139' '959' '608'],['294' '139'],['959' '608'],Rooster,Wednesday,15.0
1993-11-16,16,พฤศจิกายน,2536,7515123,23,123,82,['410' '507' '184' '112'],['410' '507'],['184' '112'],Rooster,Tuesday,15.0
1993-11-01,1,พฤศจิกายน,2536,3908940,40,940,94,['701' '103' '895' '626'],['701' '103'],['895' '626'],Rooster,Monday,16.0
1993-10-16,16,ตุลาคม,2536,7611764,64,764,58,['254' '216' '684' '566'],['254' '216'],['684' '566'],Rooster,Saturday,15.0
1993-10-01,1,ตุลาคม,2536,3415973,73,973,26,['489' '401' '928' '682'],['489' '401'],['928' '682'],Rooster,Friday,15.0
1993-09-16,16,กันยายน,2536,4286755,55,755,11,['296' '963' '890' '504'],['296' '963'],['890' '504'],Rooster,Thursday,15.0
1993-09-01,1,กันยายน,2536,2812096,96,096,00,['738' '227' '181' '218'],['738' '227'],['181' '218'],Rooster,Wednesday,16.0
1993-08-16,16,สิงหาคม,2536,4088644,44,644,86,['030' '260' '200' '033'],['030' '260'],['200' '033'],Rooster,Monday,15.0
1993-08-01,1,สิงหาคม,2536,4137744,44,744,06,['273' '778' '446' '905'],['273' '778'],['446' '905'],Rooster,Sunday,16.0
1993-07-16,16,กรกฎาคม,2536,5686061,61,061,21,['865' '873' '702' '818'],['865' '873'],['702' '818'],Rooster,Friday,15.0
1993-07-01,1,กรกฎาคม,2536,3820203,03,203,29,['729' '189' '206' '213'],['729' '189'],['206' '213'],Rooster,Thursday,15.0
1993-06-16,16,มิถุนายน,2536,2119871,71,871,39,['146' '955' '961' '223'],['146' '955'],['961' '223'],Rooster,Wednesday,15.0
1993-06-01,1,มิถุนายน,2536,3488477,77,477,61,['813' '645' '011' '815'],['813' '645'],['011' '815'],Rooster,Tuesday,16.0
1993-05-16,16,พฤษภาคม,2536,1633983,83,983,53,['109' '740' '812' '606'],['109' '740'],['812' '606'],Rooster,Sunday,14.0
1993-05-02,2,พฤษภาคม,2536,7749508,08,508,99,['532' '916' '661' '783'],['532' '916'],['661' '783'],Rooster,Sunday,16.0
1993-04-16,16,เมษายน,2536,5632018,18,018,09,['265' '995' '970' '200'],['265' '995'],['970' '200'],Rooster,Friday,15.0
1993-04-01,1,เมษายน,2536,5825558,58,558,89,['859' '255' '060' '217'],['859' '255'],['060' '217'],Rooster,Thursday,16.0
1993-03-16,16,มีนาคม,2536,7680699,99,699,98,['554' '547' '731' '509'],['554' '547'],['731' '509'],Rooster,Tuesday,15.0
1993-03-01,1,มีนาคม,2536,4006281,81,281,19,['449' '968' '065' '492'],['449' '968'],['065' '492'],Rooster,Monday,13.0
1993-02-16,16,กุมภาพันธ์,2536,7549455,55,455,41,['165' '031' '850' '034'],['165' '031'],['850' '034'],Rooster,Tuesday,15.0
1993-02-01,1,กุมภาพันธ์,2536,7459337,37,337,21,['171' '767' '507' '986'],['171' '767'],['507' '986'],Rooster,Monday,16.0
1993-01-16,16,มกราคม,2536,5423816,16,816,25,['419' '335' '947' '620'],['419' '335'],['947' '620'],Rooster,Saturday,17.0
1992-12-30,30,ธันวาคม,2535,6662150,50,150,23,['510' '563' '810' '795'],['510' '563'],['810' '795'],Monkey,Wednesday,14.0
1992-12-16,16,ธันวาคม,2535,4826531,31,531,92,['945' '601' '383' '851'],['945' '601'],['383' '851'],Monkey,Wednesday,15.0
1992-12-01,1,ธันวาคม,2535,7120927,27,927,65,['019' '406' '153' '063'],['019' '406'],['153' '063'],Monkey,Tuesday,15.0
1992-11-16,16,พฤศจิกายน,2535,3685682,82,682,45,['223' '632' '049' '295'],['223' '632'],['049' '295'],Monkey,Monday,15.0
1992-11-01,1,พฤศจิกายน,2535,6267821,21,821,35,['879' '263' '789' '046'],['879' '263'],['789' '046'],Monkey,Sunday,16.0
1992-10-16,16,ตุลาคม,2535,3576993,93,993,79,['412' '312' '037' '964'],['412' '312'],['037' '964'],Monkey,Friday,15.0
1992-10-01,1,ตุลาคม,2535,6379578,78,578,71,['752' '765' '654' '300'],['752' '765'],['654' '300'],Monkey,Thursday,15.0
1992-09-16,16,กันยายน,2535,6874108,08,108,88,['221' '127' '030' '623'],['221' '127'],['030' '623'],Monkey,Wednesday,15.0
1992-09-01,1,กันยายน,2535,1446615,15,615,68,['060' '307' '125' '056'],['060' '307'],['125' '056'],Monkey,Tuesday,16.0
1992-08-16,16,สิงหาคม,2535,6234607,07,607,91,['978' '251' '422' '151'],['978' '251'],['422' '151'],Monkey,Sunday,15.0
1992-08-01,1,สิงหาคม,2535,6697778,78,778,86,['712' '935' '593' '575'],['712' '935'],['593' '575'],Monkey,Saturday,16.0
1992-07-16,16,กรกฎาคม,2535,7954430,30,430,87,['492' '324' '756' '339'],['492' '324'],['756' '339'],Monkey,Thursday,15.0
1992-07-01,1,กรกฎาคม,2535,5119968,68,968,56,['999' '813' '561' '702'],['999' '813'],['561' '702'],Monkey,Wednesday,15.0
1992-06-16,16,มิถุนายน,2535,5569432,32,432,92,['392' '880' '914' '221'],['392' '880'],['914' '221'],Monkey,Tuesday,15.0
1992-06-01,1,มิถุนายน,2535,5184191,91,191,29,['169' '351' '245' '729'],['169' '351'],['245' '729'],Monkey,Monday,16.0
1992-05-16,16,พฤษภาคม,2535,2827496,96,496,59,['333' '738' '246' '890'],['333' '738'],['246' '890'],Monkey,Saturday,14.0
1992-05-02,2,พฤษภาคม,2535,5765397,97,397,86,['079' '444' '732' '104'],['079' '444'],['732' '104'],Monkey,Saturday,16.0
1992-04-16,16,เมษายน,2535,2699374,74,374,10,['836' '662' '139' '325'],['836' '662'],['139' '325'],Monkey,Thursday,15.0
1992-04-01,1,เมษายน,2535,2244704,04,704,03,['624' '863' '013' '242'],['624' '863'],['013' '242'],Monkey,Wednesday,16.0
1992-03-16,16,มีนาคม,2535,1218353,53,353,48,['004' '578' '543' '737'],['004' '578'],['543' '737'],Monkey,Monday,15.0
1992-03-01,1,มีนาคม,2535,7291524,24,524,60,['870' '902' '024' '231'],['870' '902'],['024' '231'],Monkey,Sunday,14.0
1992-02-16,16,กุมภาพันธ์,2535,1868701,01,701,94,['641' '849' '349' '599'],['641' '849'],['349' '599'],Monkey,Sunday,15.0
1992-02-01,1,กุมภาพันธ์,2535,5986924,24,924,63,['936' '952' '683' '944'],['936' '952'],['683' '944'],Monkey,Saturday,16.0
1992-01-16,16,มกราคม,2535,1149428,28,428,18,['034' '543' '672' '132'],['034' '543'],['672' '132'],Monkey,Thursday,17.0
1991-12-30,30,ธันวาคม,2534,3208301,01,301,76,['318' '087' '182' '917'],['318' '087'],['182' '917'],Goat,Monday,14.0
1991-12-16,16,ธันวาคม,2534,7241436,36,436,88,['613' '667' '717' '597'],['613' '667'],['717' '597'],Goat,Monday,15.0
1991-12-01,1,ธันวาคม,2534,1470741,41,741,05,['540' '794' '006' '602'],['540' '794'],['006' '602'],Goat,Sunday,15.0
1991-11-16,16,พฤศจิกายน,2534,4373528,28,528,08,['979' '477' '937' '643'],['979' '477'],['937' '643'],Goat,Saturday,15.0
1991-11-01,1,พฤศจิกายน,2534,7894285,85,285,78,['516' '537' '183' '272'],['516' '537'],['183' '272'],Goat,Friday,16.0
1991-10-16,16,ตุลาคม,2534,2078202,02,202,38,['585' '566' '338' '314'],['585' '566'],['338' '314'],Goat,Wednesday,15.0
1991-10-01,1,ตุลาคม,2534,2730444,44,444,96,['978' '318' '977' '928'],['978' '318'],['977' '928'],Goat,Tuesday,15.0
1991-09-16,16,กันยายน,2534,4790449,49,449,18,['114' '298' '220' '381'],['114' '298'],['220' '381'],Goat,Monday,15.0
1991-09-01,1,กันยายน,2534,6700430,30,430,49,['081' '237' '661' '119'],['081' '237'],['661' '119'],Goat,Sunday,16.0
1991-08-16,16,สิงหาคม,2534,3746551,51,551,89,['845' '377' '044' '182'],['845' '377'],['044' '182'],Goat,Friday,15.0
1991-08-01,1,สิงหาคม,2534,6580541,41,541,11,['459' '509' '753' '947'],['459' '509'],['753' '947'],Goat,Thursday,16.0
1991-07-16,16,กรกฎาคม,2534,1671946,46,946,62,['822' '846' '951' '882'],['822' '846'],['951' '882'],Goat,Tuesday,15.0
1991-07-01,1,กรกฎาคม,2534,4441724,24,724,58,['771' '134' '196' '766'],['771' '134'],['196' '766'],Goat,Monday,15.0
1991-06-16,16,มิถุนายน,2534,5364632,32,632,91,['370' '785' '761' '268'],['370' '785'],['761' '268'],Goat,Sunday,15.0
1991-06-01,1,มิถุนายน,2534,2496376,76,376,77,['318' '303' '485' '804'],['318' '303'],['485' '804'],Goat,Saturday,16.0
1991-05-16,16,พฤษภาคม,2534,2532303,03,303,63,['931' '269' '688' '802'],['931' '269'],['688' '802'],Goat,Thursday,14.0
1991-05-02,2,พฤษภาคม,2534,4222124,24,124,63,['536' '296' '630' '836'],['536' '296'],['630' '836'],Goat,Thursday,16.0
1991-04-16,16,เมษายน,2534,4824037,37,037,57,['565' '711' '970' '206'],['565' '711'],['970' '206'],Goat,Tuesday,15.0
1991-04-01,1,เมษายน,2534,1606864,64,864,03,['819' '416' '103' '008'],['819' '416'],['103' '008'],Goat,Monday,16.0
1991-03-16,16,มีนาคม,2534,5891641,41,641,59,['540' '715' '527' '866'],['540' '715'],['527' '866'],Goat,Saturday,15.0
1991-03-01,1,มีนาคม,2534,4598076,76,076,72,['950' '783' '676' '928'],['950' '783'],['676' '928'],Goat,Friday,13.0
1991-02-16,16,กุมภาพันธ์,2534,3223780,80,780,33,['992' '658' '242' '596'],['992' '658'],['242' '596'],Goat,Saturday,15.0
1991-02-01,1,กุมภาพันธ์,2534,5396496,96,496,75,['079' '455' '458' '087'],['079' '455'],['458' '087'],Goat,Friday,16.0
1991-01-16,16,มกราคม,2534,5328736,36,736,29,['649' '645' '225' '388'],['649' '645'],['225' '388'],Goat,Wednesday,17.0
1990-12-30,30,ธันวาคม,2533,2190949,49,949,05,['516' '367' '330' '962'],['516' '367'],['330' '962'],Horse,Sunday,14.0
1990-12-16,16,ธันวาคม,2533,4407799,99,799,21,['708' '359' '171' '238'],['708' '359'],['171' '238'],Horse,Sunday,15.0
1990-12-01,1,ธันวาคม,2533,4771944,44,944,88,['237' '586' '692' '444'],['237' '586'],['692' '444'],Horse,Saturday,15.0
1990-11-16,16,พฤศจิกายน,2533,1226536,36,536,06,['426' '020' '721' '050'],['426' '020'],['721' '050'],Horse,Friday,15.0
1990-11-01,1,พฤศจิกายน,2533,4380230,30,230,82,['694' '516' '619' '829'],['694' '516'],['619' '829'],Horse,Thursday,16.0
1990-10-16,16,ตุลาคม,2533,5626303,03,303,56,['351' '928' '923' '431'],['351' '928'],['923' '431'],Horse,Tuesday,15.0
1990-10-01,1,ตุลาคม,2533,5738808,08,808,37,['043' '977' '058' '748'],['043' '977'],['058' '748'],Horse,Monday,15.0
1990-09-16,16,กันยายน,2533,5202390,90,390,55,['461' '211' '085' '747'],['461' '211'],['085' '747'],Horse,Sunday,15.0
1990-09-01,1,กันยายน,2533,1622380,80,380,83,['862' '938' '161' '639'],['862' '938'],['161' '639'],Horse,Saturday,16.0
1990-08-16,16,สิงหาคม,2533,1671935,35,935,43,['325' '746' '361' '644'],['325' '746'],['361' '644'],Horse,Thursday,15.0
1990-08-01,1,สิงหาคม,2533,1867185,85,185,92,['579' '070' '973' '445'],['579' '070'],['973' '445'],Horse,Wednesday,16.0
1990-07-16,16,กรกฎาคม,2533,3814178,78,178,11,['342' '619' '112' '770'],['342' '619'],['112' '770'],Horse,Monday,15.0
1990-07-01,1,กรกฎาคม,2533,1076835,35,835,43,['043' '641' '038' '295'],['043' '641'],['038' '295'],Horse,Sunday,15.0
1990-06-16,16,มิถุนายน,2533,3530344,44,344,65,['878' '144' '198' '371'],['878' '144'],['198' '371'],Horse,Saturday,15.0
1990-06-01,1,มิถุนายน,2533,2355474,74,474,72,['118' '115' '227' '492'],['118' '115'],['227' '492'],Horse,Friday,16.0
1990-05-16,16,พฤษภาคม,2533,5071272,72,272,34,['565' '815' '942' '465'],['565' '815'],['942' '465'],Horse,Wednesday,14.0
1990-05-02,2,พฤษภาคม,2533,5898868,68,868,01,['186' '644' '668' '078'],['186' '644'],['668' '078'],Horse,Wednesday,16.0
1990-04-16,16,เมษายน,2533,5092890,90,890,84,['664' '059' '912' '489'],['664' '059'],['912' '489'],Horse,Monday,15.0
1990-04-01,1,เมษายน,2533,4734251,51,251,39,['301' '637' '195' '717'],['301' '637'],['195' '717'],Horse,Sunday,16.0
1990-03-16,16,มีนาคม,2533,3240205,05,205,88,['443' '275' '775' '559'],['443' '275'],['775' '559'],Horse,Friday,15.0
1990-03-01,1,มีนาคม,2533,4968902,02,902,15,['624' '452' '087' '567'],['624' '452'],['087' '567'],Horse,Thursday,13.0
1990-02-16,16,กุมภาพันธ์,2533,3732892,92,892,01,['889' '596' '386' '601'],['889' '596'],['386' '601'],Horse,Friday,15.0
1990-02-01,1,กุมภาพันธ์,2533,1078496,96,496,82,['756' '481' '259' '104'],['756' '481'],['259' '104'],Horse,Thursday,16.0
1990-01-16,16,มกราคม,2533,3992239,39,239,97,['898' '234' '288' '284'],['898' '234'],['288' '284'],Horse,Tuesday,
